date,block,first
2010-10-11,C,u
2010-12-17,C,u
2011-01-06,C,u
2011-03-09,C,u
2012-05-02,C,d
2012-10-08,C,d
2013-03-26,C,u
2013-06-19,J,u
2014-08-15,C,u
2014-08-22,C,u
2014-11-07,C,d
2015-01-23,C,d
2015-04-16,C,d
2015-11-12,C,d
2015-12-08,C,d
2016-03-09,C,u
2016-03-23,C,u
2016-05-31,C,u
2016-09-07,C,u
2016-11-28,C,u
2017-03-22,C,d
2017-05-24,J,d
2017-10-06,C,u
2017-12-06,C,d
2018-01-09,C,u
2018-04-19,C,u
2018-06-08,C,d
2018-06-28,C,d
2018-08-08,C,d
2018-10-02,C,d
2018-11-29,C,s
2019-02-07,C,u
2019-02-25,C,d
2019-02-26,D,d
2019-05-30,C,u
2019-11-06,E,s
2020-06-16,C,u
2020-10-06,C,u
2020-12-14,C,u
2021-02-16,C,u
2021-04-26,L,u
2021-05-27,C,u
2021-11-30,C,u
2022-04-06,J,u
2022-09-14,C,d
2023-04-24,C,u
2023-08-28,C,u
2023-09-07,C,d
2024-02-01,C,u
2024-08-13,C,d
2024-08-21,C,u
2025-12-02,C,d
2026-01-15,C,u
2026-01-30,C,d
2026-09-09,D,u
