key,start,end,n_days,n_blocks,contract,roll_inside,spread_applied,open,high,low,close,volume,row,n_rows,poc,vah,val,tpo_count,tail_up_rows,tail_down_rows,unconfirmed_up,unconfirmed_down,poor_high,poor_low,sp_above_poc,sp_below_poc,vpoc,vvah,vval,prev_high,prev_low,prev_close,prev_poc,prev_vah,prev_val
2010-06,2010-06-07,2010-06-30,18,18,26714,True,-4.25,1057.00,1129.50,1023.00,1024.00,40241379,8.00,15,1064.00,1120.00,1048.00,69,2,0,False,False,False,False,0,0,1104.00,1112.00,1040.00,,,,,,
2010-07,2010-07-01,2010-07-30,22,22,26714,False,0.00,1024.25,1118.75,1002.75,1100.25,44281319,8.00,15,1080.00,1118.75,1048.00,79,0,0,False,False,True,True,0,0,1088.00,1112.00,1056.00,1129.50,1023.00,1024.00,1064.00,1120.00,1048.00
2010-08,2010-08-02,2010-08-31,22,22,26714,False,0.00,1104.50,1127.75,1037.00,1052.25,41926215,8.00,12,1072.00,1112.00,1040.00,75,0,0,False,False,True,True,0,0,1048.00,1120.00,1048.00,1118.75,1002.75,1100.25,1080.00,1118.75,1048.00
2010-09,2010-09-01,2010-09-30,22,22,3076,True,-5.00,1047.00,1153.50,1045.75,1136.00,37579767,8.00,15,1120.00,1144.00,1088.00,68,0,3,False,False,False,False,0,0,1136.00,1144.00,1104.00,1122.75,1032.00,1047.25,1067.00,1107.00,1035.00
2010-10,2010-10-01,2010-10-29,21,21,3076,False,0.00,1136.00,1193.00,1127.00,1180.50,41791492,8.00,10,1160.00,1184.00,1144.00,66,0,0,False,False,False,False,0,0,1176.00,1184.00,1144.00,1153.50,1045.75,1136.00,1120.00,1144.00,1088.00
2010-11,2010-11-01,2010-11-30,22,22,3076,False,0.00,1180.50,1224.75,1171.00,1178.25,45221289,8.00,8,1192.00,1216.00,1176.00,70,0,0,False,False,True,True,0,0,1184.00,1208.00,1171.00,1193.00,1127.00,1180.50,1160.00,1184.00,1144.00
2010-12,2010-12-01,2010-12-31,22,22,70248,True,-5.00,1173.50,1258.50,1171.25,1257.50,27066328,8.00,12,1232.00,1256.00,1216.00,50,0,3,False,False,True,False,0,0,1232.00,1256.00,1216.00,1219.75,1166.00,1173.25,1187.00,1211.00,1171.00
2011-01,2011-01-03,2011-01-31,21,21,70248,False,0.00,1256.00,1299.50,1255.25,1282.00,38538966,8.00,7,1272.00,1296.00,1256.00,62,0,0,False,False,True,True,0,0,1280.00,1288.00,1264.00,1258.50,1171.25,1257.50,1232.00,1256.00,1216.00
2011-02,2011-02-01,2011-02-28,20,20,70248,False,0.00,1282.00,1343.00,1281.25,1326.25,36130556,8.00,8,1304.00,1343.00,1304.00,57,0,0,False,False,True,False,0,0,1312.00,1336.00,1296.00,1299.50,1255.25,1282.00,1272.00,1296.00,1256.00
2011-03,2011-03-01,2011-03-31,23,23,75884,True,-4.50,1322.00,1332.00,1241.25,1321.25,49506211,8.00,12,1296.00,1320.00,1264.00,88,0,0,False,False,True,True,0,0,1304.00,1328.00,1288.00,1338.50,1276.75,1321.75,1299.50,1338.50,1299.50
2011-04,2011-04-01,2011-04-29,20,20,75884,False,0.00,1321.50,1363.75,1290.25,1363.50,32570879,8.00,10,1328.00,1336.00,1296.00,52,0,0,False,False,False,True,0,0,1328.00,1336.00,1296.00,1332.00,1241.25,1321.25,1296.00,1320.00,1264.00
2011-05,2011-05-02,2011-05-31,22,22,75884,False,0.00,1363.25,1373.50,1302.25,1344.00,44628874,8.00,10,1328.00,1352.00,1312.00,66,2,0,False,False,False,False,0,0,1336.00,1360.00,1320.00,1363.75,1290.25,1363.50,1328.00,1336.00,1296.00
2011-06,2011-06-01,2011-06-30,22,22,49278,True,-5.25,1339.00,1342.50,1252.25,1315.25,48929475,8.00,12,1272.00,1296.00,1256.00,75,3,0,False,False,False,True,0,0,1264.00,1304.00,1264.00,1368.25,1297.00,1338.75,1322.75,1346.75,1306.75
2011-07,2011-07-01,2011-07-29,21,21,49278,False,0.00,1315.25,1354.50,1278.50,1292.50,42981194,8.00,11,1312.00,1336.00,1296.00,76,0,0,False,True,True,False,0,0,1328.00,1336.00,1296.00,1342.50,1252.25,1315.25,1272.00,1296.00,1256.00
2011-08,2011-08-01,2011-08-31,23,23,49278,False,0.00,1306.00,1309.75,1077.00,1217.75,82156324,8.00,30,1176.00,1200.00,1112.00,158,3,3,False,False,False,False,0,0,1136.00,1208.00,1120.00,1354.50,1278.50,1292.50,1312.00,1336.00,1296.00
2011-09,2011-09-01,2011-09-30,22,22,45580,True,-5.75,1212.00,1222.75,1102.00,1122.25,59382262,8.00,16,1152.00,1208.00,1136.00,118,0,0,False,False,False,False,0,0,1184.00,1192.00,1120.00,1304.00,1071.25,1212.00,1170.25,1194.25,1106.25
2011-10,2011-10-03,2011-10-31,21,21,45580,False,0.00,1123.00,1289.25,1068.00,1242.00,54805619,8.00,29,1216.00,1272.00,1136.00,103,0,2,False,False,False,False,0,0,1200.00,1288.00,1168.00,1222.75,1102.00,1122.25,1152.00,1208.00,1136.00
2011-11,2011-11-01,2011-11-30,22,22,45580,False,0.00,1242.25,1275.25,1147.50,1245.25,53533614,8.00,17,1232.00,1272.00,1200.00,104,0,0,False,False,True,False,0,0,1240.00,1264.00,1192.00,1289.25,1068.00,1242.00,1216.00,1272.00,1136.00
2011-12,2011-12-01,2011-12-30,21,21,31747,True,-5.50,1239.25,1266.50,1195.50,1253.00,35714766,8.00,10,1240.00,1264.00,1224.00,80,0,0,False,False,True,True,0,0,1248.00,1256.00,1216.00,1269.75,1142.00,1239.75,1226.50,1266.50,1194.50
2012-01,2012-01-03,2012-01-31,21,21,31747,False,0.00,1274.75,1329.75,1259.75,1307.25,34538678,8.00,10,1304.00,1312.00,1272.00,59,0,0,False,False,False,True,0,0,1304.00,1312.00,1272.00,1266.50,1195.50,1253.00,1240.00,1264.00,1224.00
2012-02,2012-02-01,2012-02-29,21,21,31747,False,0.00,1307.25,1377.25,1303.75,1359.25,32329818,8.00,11,1352.00,1376.00,1336.00,57,0,2,False,False,False,False,0,0,1336.00,1376.00,1336.00,1329.75,1259.75,1307.25,1304.00,1312.00,1272.00
2012-03,2012-03-01,2012-03-30,22,22,27069,True,-5.75,1354.00,1419.75,1332.75,1404.00,33795022,8.00,12,1392.00,1416.00,1360.00,64,0,0,False,False,True,False,0,0,1392.00,1416.00,1360.00,1371.50,1298.00,1353.50,1346.25,1370.25,1330.25
2012-04,2012-04-02,2012-04-30,21,21,27069,False,0.00,1407.25,1417.75,1352.50,1395.75,35859575,8.00,9,1368.00,1408.00,1352.50,67,0,0,False,False,False,True,0,0,1376.00,1400.00,1360.00,1419.75,1332.75,1404.00,1392.00,1416.00,1360.00
2012-05,2012-05-01,2012-05-31,23,23,27069,False,0.00,1395.25,1411.75,1287.25,1306.25,47136428,8.00,17,1312.00,1368.00,1296.00,83,0,0,False,False,False,False,0,0,1312.00,1352.00,1296.00,1417.75,1352.50,1395.75,1368.00,1408.00,1352.50
2012-06,2012-06-01,2012-06-29,21,21,3366,True,-6.75,1299.50,1359.50,1255.25,1358.25,45186649,8.00,14,1320.00,1344.00,1288.00,83,0,0,False,False,True,False,0,0,1312.00,1352.00,1296.00,1405.00,1280.50,1299.50,1305.25,1361.25,1289.25
2012-07,2012-07-02,2012-07-31,22,22,3366,False,0.00,1358.75,1387.50,1319.75,1372.75,38530391,8.00,10,1352.00,1376.00,1336.00,75,0,0,False,False,True,False,0,0,1344.00,1368.00,1328.00,1359.50,1255.25,1358.25,1320.00,1344.00,1288.00
2012-08,2012-08-01,2012-08-31,23,23,3366,False,0.00,1373.00,1424.75,1349.25,1404.75,33176892,8.00,11,1400.00,1424.00,1384.00,61,0,2,False,False,False,False,0,0,1400.00,1424.00,1384.00,1387.50,1319.75,1372.75,1352.00,1376.00,1336.00
2012-09,2012-09-03,2012-09-28,20,20,10113,True,-6.50,1399.75,1468.25,1388.00,1434.25,28590376,8.00,11,1424.00,1464.00,1408.00,56,0,0,False,False,False,True,0,0,1424.00,1464.00,1424.00,1418.25,1342.75,1398.25,1393.50,1417.50,1377.50
2012-10,2012-10-01,2012-10-31,23,23,10113,False,0.00,1432.75,1466.00,1393.00,1401.25,36837681,8.00,10,1432.00,1456.00,1416.00,72,0,0,False,False,False,True,0,0,1448.00,1456.00,1400.00,1468.25,1388.00,1434.25,1424.00,1464.00,1408.00
2012-11,2012-11-01,2012-11-30,21,21,10113,False,0.00,1401.50,1431.75,1340.25,1415.75,39130837,8.00,12,1376.00,1416.00,1360.00,71,0,0,False,False,True,False,0,0,1376.00,1431.75,1376.00,1466.00,1393.00,1401.25,1432.00,1456.00,1416.00
2012-12,2012-12-03,2012-12-31,20,20,23970,True,-6.00,1407.25,1446.00,1382.25,1423.75,27936685,8.00,9,1408.00,1432.00,1392.00,71,0,0,False,False,True,True,0,0,1400.00,1440.00,1400.00,1425.75,1334.25,1409.75,1370.00,1410.00,1354.00
2013-01,2013-01-02,2013-01-31,21,21,23970,False,0.00,1443.00,1506.00,1438.25,1496.00,30404273,8.00,10,1456.00,1496.00,1440.00,54,0,0,False,False,True,False,0,0,1456.00,1496.00,1440.00,1446.00,1382.25,1423.75,1408.00,1432.00,1392.00
2013-02,2013-02-01,2013-02-28,19,19,23970,False,0.00,1496.00,1530.00,1481.75,1512.25,35384366,8.00,7,1504.00,1528.00,1488.00,58,0,0,False,False,True,True,0,0,1512.00,1520.00,1496.00,1506.00,1438.25,1496.00,1456.00,1496.00,1440.00
2013-03,2013-03-01,2013-03-28,20,20,11561,True,-5.50,1507.00,1564.50,1494.00,1563.75,32832393,8.00,10,1544.00,1564.50,1528.00,57,0,0,False,False,True,False,0,0,1544.00,1564.50,1528.00,1524.50,1476.25,1506.75,1498.50,1522.50,1482.50
2013-04,2013-04-01,2013-04-30,22,22,11561,False,0.00,1563.00,1594.25,1530.75,1594.00,40918053,8.00,9,1552.00,1576.00,1536.00,77,0,0,False,False,True,True,0,0,1544.00,1584.00,1544.00,1564.50,1494.00,1563.75,1544.00,1564.50,1528.00
2013-05,2013-05-01,2013-05-31,22,22,11561,False,0.00,1593.75,1685.75,1576.00,1627.50,42581696,8.00,14,1648.00,1672.00,1616.00,71,0,0,False,False,False,True,0,0,1648.00,1672.00,1616.00,1594.25,1530.75,1594.00,1552.00,1576.00,1536.00
2013-06,2013-06-03,2013-06-28,20,20,17704,True,-6.25,1623.25,1649.00,1553.25,1596.25,44666880,8.00,13,1616.00,1640.00,1584.00,87,0,0,False,False,True,True,0,0,1624.00,1648.00,1592.00,1679.50,1569.75,1621.25,1641.75,1665.75,1609.75
2013-07,2013-07-01,2013-07-31,22,22,17704,False,0.00,1600.25,1695.50,1593.25,1685.25,28963417,8.00,13,1672.00,1695.50,1640.00,61,0,0,False,False,True,True,0,0,1680.00,1695.50,1632.00,1649.00,1553.25,1596.25,1616.00,1640.00,1584.00
2013-08,2013-08-01,2013-08-30,22,22,17704,False,0.00,1685.50,1705.00,1624.75,1632.25,34642059,8.00,11,1648.00,1704.00,1632.00,64,0,0,False,False,True,True,0,0,1688.00,1696.00,1640.00,1695.50,1593.25,1685.25,1672.00,1695.50,1640.00
2013-09,2013-09-03,2013-09-30,20,20,28112,True,-6.75,1640.75,1726.75,1624.00,1678.75,30951956,8.00,13,1680.00,1704.00,1648.00,58,0,0,False,False,True,True,0,0,1688.00,1726.75,1672.00,1698.25,1618.00,1625.50,1641.25,1697.25,1625.25
2013-10,2013-10-01,2013-10-31,23,23,28112,False,0.00,1678.50,1773.25,1640.00,1755.25,38734806,8.00,17,1680.00,1752.00,1648.00,75,0,0,False,False,True,True,0,0,1672.00,1744.00,1640.00,1726.75,1624.00,1678.75,1680.00,1704.00,1648.00
2013-11,2013-11-01,2013-11-29,20,20,28112,False,0.00,1755.50,1812.50,1736.50,1804.25,28239113,8.00,10,1760.00,1800.00,1744.00,57,0,0,False,False,True,True,0,0,1760.00,1800.00,1744.00,1773.25,1640.00,1755.25,1680.00,1752.00,1648.00
2013-12,2013-12-02,2013-12-31,21,21,382206,True,-6.00,1800.25,1846.50,1754.00,1846.25,24585535,8.00,12,1776.00,1816.00,1760.00,60,0,0,False,False,True,False,0,0,1776.00,1816.00,1776.00,1806.50,1730.50,1798.25,1754.00,1794.00,1738.00
2014-01,2014-01-02,2014-01-31,21,21,382206,False,0.00,1837.75,1845.75,1761.25,1777.00,33413714,8.00,11,1832.00,1845.75,1784.00,77,0,0,False,False,True,True,0,0,1832.00,1845.75,1784.00,1846.50,1754.00,1846.25,1776.00,1816.00,1760.00
2014-02,2014-02-03,2014-02-28,19,19,382206,False,0.00,1777.50,1866.50,1732.00,1860.75,32820047,8.00,18,1832.00,1856.00,1768.00,70,0,0,False,False,False,True,0,0,1840.00,1864.00,1776.00,1845.75,1761.25,1777.00,1832.00,1845.75,1784.00
2014-03,2014-03-03,2014-03-31,21,21,8347,True,-7.00,1839.00,1880.50,1823.50,1864.00,32982453,8.00,9,1856.00,1880.00,1840.00,72,0,0,False,False,False,False,0,0,1856.00,1880.00,1840.00,1859.50,1725.00,1853.75,1825.00,1849.00,1761.00
2014-04,2014-04-01,2014-04-30,21,21,8347,False,0.00,1864.50,1892.50,1803.25,1879.25,34332362,8.00,12,1856.00,1880.00,1824.00,77,0,0,False,False,False,True,0,0,1864.00,1888.00,1832.00,1880.50,1823.50,1864.00,1856.00,1880.00,1840.00
2014-05,2014-05-01,2014-05-30,22,22,8347,False,0.00,1879.50,1922.25,1854.50,1919.00,27432612,8.00,10,1872.00,1896.00,1856.00,62,0,0,False,False,False,False,0,0,1864.00,1904.00,1864.00,1892.50,1803.25,1879.25,1856.00,1880.00,1824.00
2014-06,2014-06-02,2014-06-30,19,19,111473,True,-7.00,1914.25,1960.00,1906.75,1955.00,22520312,8.00,8,1944.00,1960.00,1912.00,48,0,0,False,False,False,True,0,0,1944.00,1952.00,1912.00,1915.25,1847.50,1912.00,1865.00,1889.00,1849.00
2014-07,2014-07-01,2014-07-31,23,23,111473,False,0.00,1954.50,1985.75,1923.50,1925.50,33105573,8.00,9,1968.00,1976.00,1952.00,71,0,0,False,True,False,False,0,0,1968.00,1976.00,1952.00,1960.00,1906.75,1955.00,1944.00,1960.00,1912.00
2014-08,2014-08-01,2014-08-29,21,21,111473,False,0.00,1926.00,2003.75,1890.25,1998.75,27804635,8.00,15,1920.00,1992.00,1904.00,65,0,0,False,False,True,False,0,0,1920.00,1976.00,1904.00,1985.75,1923.50,1925.50,1968.00,1976.00,1952.00
2014-09,2014-09-01,2014-09-30,19,19,28095,True,-8.00,1991.00,2014.50,1955.50,1960.75,25632345,8.00,8,1976.00,2000.00,1960.00,59,0,0,False,False,False,True,0,0,1984.00,2008.00,1968.00,1995.75,1882.25,1990.75,1912.00,1984.00,1896.00
2014-10,2014-10-01,2014-10-31,23,23,28095,False,0.00,1961.00,2016.75,1813.00,2009.25,54181557,8.00,27,1928.00,1984.00,1880.00,128,0,0,True,False,False,True,0,0,1944.00,1984.00,1880.00,2014.50,1955.50,1960.75,1976.00,2000.00,1960.00
2014-11,2014-11-03,2014-11-28,20,20,28095,False,0.00,2011.25,2075.25,1995.25,2066.75,21873190,8.00,11,2032.00,2072.00,2016.00,54,0,0,False,False,True,False,0,0,2032.00,2056.00,2000.00,2016.75,1813.00,2009.25,1928.00,1984.00,1880.00
2014-12,2014-12-01,2014-12-30,21,21,50393,True,-6.75,2056.50,2088.75,1961.50,2076.00,28679250,8.00,17,2048.00,2088.00,2000.00,85,0,0,False,False,True,True,0,0,2064.00,2088.00,2016.00,2068.50,1988.50,2060.00,2025.25,2065.25,2009.25
2015-01,2015-01-02,2015-01-30,21,21,50393,False,0.00,2055.00,2067.25,1970.25,1989.75,38196390,8.00,13,2016.00,2056.00,2000.00,114,0,0,False,False,False,False,0,0,2016.00,2040.00,1984.00,2088.75,1961.50,2076.00,2048.00,2088.00,2000.00
2015-02,2015-02-02,2015-02-27,20,20,50393,False,0.00,1990.50,2117.75,1973.75,2104.50,25386040,8.00,19,2096.00,2117.75,2032.00,71,0,4,False,False,True,False,0,0,2088.00,2112.00,2040.00,2067.25,1970.25,1989.75,2016.00,2056.00,2000.00
2015-03,2015-03-02,2015-03-31,22,22,85974,True,-7.75,2096.25,2107.75,2030.50,2057.75,29350848,8.00,11,2056.00,2096.00,2040.00,90,0,0,False,False,True,True,0,0,2064.00,2104.00,2048.00,2110.00,1966.00,2096.75,2088.25,2110.00,2024.25
2015-04,2015-04-01,2015-04-30,22,22,85974,False,0.00,2058.00,2119.75,2033.50,2083.00,26609011,8.00,11,2080.00,2119.75,2064.00,84,0,0,False,False,True,True,0,0,2096.00,2104.00,2064.00,2107.75,2030.50,2057.75,2056.00,2096.00,2040.00
2015-05,2015-05-01,2015-05-29,21,21,85974,False,0.00,2082.75,2134.00,2057.00,2106.00,24322179,8.00,10,2112.00,2134.00,2096.00,72,0,0,False,False,True,True,0,0,2104.00,2128.00,2088.00,2119.75,2033.50,2083.00,2080.00,2119.75,2064.00
2015-06,2015-06-01,2015-06-30,22,22,58738,True,-8.25,2098.75,2122.00,2046.75,2055.00,29568390,8.00,11,2096.00,2120.00,2080.00,82,0,0,False,False,True,True,0,0,2096.00,2120.00,2080.00,2125.75,2048.75,2097.75,2103.75,2125.75,2087.75
2015-07,2015-07-01,2015-07-31,23,23,58738,False,0.00,2054.50,2126.25,2034.25,2099.25,32831378,8.00,12,2064.00,2104.00,2048.00,91,0,0,False,False,True,True,0,0,2064.00,2104.00,2048.00,2122.00,2046.75,2055.00,2096.00,2120.00,2080.00
2015-08,2015-08-03,2015-08-31,21,21,58738,False,0.00,2098.75,2107.00,1831.00,1965.50,45843568,8.00,36,2080.00,2104.00,1936.00,128,0,3,False,False,False,False,0,3,2080.00,2104.00,1968.00,2126.25,2034.25,2099.25,2064.00,2104.00,2048.00
2015-09,2015-09-01,2015-09-30,22,22,13950,True,-10.00,1955.50,2011.75,1861.00,1902.50,39079824,8.00,20,1936.00,1976.00,1904.00,129,3,0,False,False,False,False,0,0,1920.00,1960.00,1888.00,2097.00,1821.00,1955.50,2070.00,2094.00,1926.00
2015-10,2015-10-01,2015-10-30,22,22,13950,False,0.00,1902.50,2094.75,1883.00,2074.00,35935662,8.00,27,2008.00,2080.00,1960.00,91,0,0,False,False,False,False,0,2,2016.00,2072.00,1968.00,2011.75,1861.00,1902.50,1936.00,1976.00,1904.00
2015-11,2015-11-02,2015-11-30,21,21,13950,False,0.00,2073.00,2110.25,1998.50,2085.25,28380248,8.00,15,2088.00,2110.25,2056.00,81,0,2,False,False,True,False,0,0,2080.00,2104.00,2064.00,2094.75,1883.00,2074.00,2008.00,2080.00,1960.00
2015-12,2015-12-01,2015-12-31,22,22,49705,True,-8.50,2077.00,2096.50,1983.25,2035.75,32585884,8.00,16,2040.00,2080.00,2024.00,113,0,0,False,False,False,False,0,0,2040.00,2080.00,2024.00,2101.75,1990.00,2076.75,2079.50,2101.75,2047.50
2016-01,2016-01-04,2016-01-29,20,20,49705,False,0.00,2037.75,2043.50,1804.25,1931.25,47652558,8.00,31,1872.00,1944.00,1856.00,143,3,4,False,False,False,False,0,0,1888.00,1944.00,1856.00,2096.50,1983.25,2035.75,2040.00,2080.00,2024.00
2016-02,2016-02-01,2016-02-29,21,21,49705,False,0.00,1929.75,1968.75,1802.50,1928.25,42011884,8.00,22,1912.00,1952.00,1864.00,114,2,2,False,False,False,False,0,0,1904.00,1944.00,1856.00,2043.50,1804.25,1931.25,1872.00,1944.00,1856.00
2016-03,2016-03-01,2016-03-31,22,22,6505,True,-9.25,1918.75,2064.50,1911.50,2052.25,34504106,8.00,21,1968.00,2040.00,1968.00,86,0,6,False,False,False,False,0,0,2032.00,2040.00,1968.00,1959.50,1793.25,1919.00,1902.75,1942.75,1854.75
2016-04,2016-04-01,2016-04-29,21,21,6505,False,0.00,2052.75,2105.25,2026.00,2060.25,34338742,8.00,11,2072.00,2096.00,2040.00,82,0,0,False,False,True,True,0,0,2080.00,2088.00,2032.00,2064.50,1911.50,2052.25,1968.00,2040.00,1968.00
2016-05,2016-05-02,2016-05-31,22,22,6505,False,0.00,2060.75,2103.75,2022.00,2094.50,32628348,8.00,11,2048.00,2072.00,2032.00,78,0,0,False,False,True,False,0,0,2048.00,2072.00,2032.00,2105.25,2026.00,2060.25,2072.00,2096.00,2040.00
2016-06,2016-06-01,2016-06-30,22,22,2615,True,-9.25,2084.75,2119.50,1981.50,2086.50,38315956,8.00,18,2072.00,2112.00,2040.00,99,0,0,False,False,True,True,0,0,2080.00,2104.00,2048.00,2094.50,2012.75,2085.25,2038.75,2062.75,2022.75
2016-07,2016-07-01,2016-07-29,21,21,2615,False,0.00,2086.50,2172.50,2065.75,2171.00,30818653,8.00,14,2152.00,2172.50,2120.00,70,0,0,False,False,True,False,0,0,2160.00,2168.00,2112.00,2119.50,1981.50,2086.50,2072.00,2112.00,2040.00
2016-08,2016-08-01,2016-08-31,23,23,2615,False,0.00,2174.00,2191.50,2141.50,2168.50,32931021,8.00,7,2176.00,2184.00,2160.00,68,0,0,False,False,True,False,0,0,2176.00,2184.00,2160.00,2172.50,2065.75,2171.00,2152.00,2172.50,2120.00
2016-09,2016-09-01,2016-09-30,22,22,2928,True,-6.75,2162.25,2182.50,2100.25,2156.75,38119600,8.00,11,2136.00,2176.00,2120.00,86,0,0,False,False,True,False,0,0,2136.00,2176.00,2120.00,2184.75,2134.75,2161.75,2169.25,2177.25,2153.25
2016-10,2016-10-03,2016-10-31,21,21,2928,False,0.00,2158.75,2164.00,2107.75,2123.50,32258066,8.00,8,2128.00,2152.00,2112.00,69,0,0,False,False,True,False,0,0,2128.00,2152.00,2112.00,2182.50,2100.25,2156.75,2136.00,2176.00,2120.00
2016-11,2016-11-01,2016-11-30,22,22,2928,False,0.00,2123.50,2213.75,2028.50,2198.75,37636584,8.00,24,2192.00,2213.75,2112.00,89,0,6,False,False,True,False,0,0,2200.00,2208.00,2120.00,2164.00,2107.75,2123.50,2128.00,2152.00,2112.00
2016-12,2016-12-01,2016-12-30,21,21,35903,True,-5.50,2194.00,2273.00,2173.50,2233.50,25092232,8.00,14,2248.00,2272.00,2232.00,67,0,0,False,False,True,False,0,2,2256.00,2273.00,2224.00,2208.25,2023.00,2193.25,2186.50,2208.25,2106.50
2017-01,2017-01-03,2017-01-31,21,21,35903,False,0.00,2240.75,2299.50,2239.50,2277.25,28303601,8.00,9,2264.00,2288.00,2248.00,61,0,2,False,False,True,False,0,0,2264.00,2272.00,2248.00,2273.00,2173.50,2233.50,2248.00,2272.00,2232.00
2017-02,2017-02-01,2017-02-28,20,20,35903,False,0.00,2277.00,2370.75,2264.50,2365.00,26283476,8.00,14,2344.00,2368.00,2280.00,53,0,0,False,False,True,True,0,0,2360.00,2368.00,2280.00,2299.50,2239.50,2277.25,2264.00,2288.00,2248.00
2017-03,2017-03-01,2017-03-31,23,23,9006,True,-3.00,2361.50,2398.00,2317.75,2357.50,32675983,8.00,11,2360.00,2384.00,2344.00,73,0,2,False,False,False,False,0,0,2360.00,2384.00,2344.00,2367.75,2261.50,2362.00,2341.00,2365.00,2277.00
2017-04,2017-04-03,2017-04-28,19,19,9006,False,0.00,2357.50,2394.75,2322.75,2380.75,27026927,8.00,10,2344.00,2368.00,2328.00,63,0,0,False,False,False,True,0,0,2344.00,2368.00,2328.00,2398.00,2317.75,2357.50,2360.00,2384.00,2344.00
2017-05,2017-05-01,2017-05-31,23,23,9006,False,0.00,2381.50,2417.75,2344.50,2414.25,27630180,8.00,10,2384.00,2408.00,2368.00,61,0,0,False,False,True,False,0,0,2384.00,2408.00,2368.00,2394.75,2322.75,2380.75,2344.00,2368.00,2328.00
2017-06,2017-06-01,2017-06-30,22,22,24842,True,-2.00,2411.75,2451.50,2402.25,2421.50,29648017,8.00,7,2424.00,2448.00,2424.00,65,0,0,False,False,True,False,0,0,2432.00,2440.00,2416.00,2415.75,2342.50,2412.25,2382.00,2406.00,2366.00
2017-07,2017-07-03,2017-07-31,21,21,24842,False,0.00,2422.00,2480.50,2405.25,2468.50,21828289,8.00,11,2464.00,2480.50,2416.00,57,0,0,False,False,False,True,0,0,2464.00,2480.50,2432.00,2451.50,2402.25,2421.50,2424.00,2448.00,2424.00
2017-08,2017-08-01,2017-08-31,23,23,24842,False,0.00,2468.00,2488.50,2415.75,2470.50,31778381,8.00,11,2464.00,2472.00,2432.00,77,2,0,False,False,False,False,0,0,2464.00,2472.00,2432.00,2480.50,2405.25,2468.50,2464.00,2480.50,2416.00
2017-09,2017-09-01,2017-09-29,21,21,23936,True,-1.75,2468.50,2517.75,2443.75,2517.75,23419276,8.00,10,2496.00,2517.75,2464.00,53,0,0,False,False,False,False,0,0,2496.00,2517.75,2480.00,2486.75,2414.00,2468.75,2462.25,2470.25,2430.25
2017-10,2017-10-02,2017-10-31,22,22,23936,False,0.00,2518.00,2580.75,2517.00,2572.75,23831964,8.00,9,2552.00,2576.00,2536.00,55,0,0,False,False,True,False,0,0,2544.00,2580.75,2544.00,2517.75,2443.75,2517.75,2496.00,2517.75,2464.00
2017-11,2017-11-01,2017-11-30,22,22,23936,False,0.00,2572.75,2658.50,2555.50,2642.50,26719878,8.00,14,2576.00,2600.00,2560.00,73,0,0,True,False,False,False,0,0,2576.00,2600.00,2560.00,2580.75,2517.00,2572.75,2552.00,2576.00,2536.00
2017-12,2017-12-01,2017-12-29,20,20,21168,True,3.00,2643.75,2698.25,2608.00,2668.25,19765796,8.00,12,2680.00,2698.25,2648.00,66,0,0,False,False,True,False,0,0,2680.00,2688.00,2632.00,2661.50,2558.50,2645.50,2579.00,2603.00,2563.00
2018-01,2018-01-02,2018-01-31,22,22,21168,False,0.00,2675.25,2878.50,2674.50,2826.25,27373913,8.00,26,2808.00,2864.00,2744.00,87,0,2,False,False,True,False,0,0,2832.00,2872.00,2768.00,2698.25,2608.00,2668.25,2680.00,2698.25,2648.00
2018-02,2018-02-01,2018-02-28,20,20,21168,False,0.00,2828.75,2837.25,2529.00,2718.75,41022812,8.00,39,2720.00,2760.00,2608.00,181,0,0,False,False,False,True,2,0,2712.00,2768.00,2632.00,2878.50,2674.50,2826.25,2808.00,2864.00,2744.00
2018-03,2018-03-01,2018-03-29,21,21,23252,True,4.25,2722.50,2806.75,2586.00,2637.50,34988888,8.00,28,2720.00,2760.00,2624.00,142,0,0,False,False,True,True,0,0,2720.00,2760.00,2640.00,2841.50,2533.25,2723.00,2724.25,2764.25,2612.25
2018-04,2018-04-02,2018-04-30,21,21,23252,False,0.00,2635.00,2718.50,2552.00,2645.50,34299951,8.00,21,2640.00,2696.00,2608.00,139,0,0,False,False,True,True,0,0,2664.00,2688.00,2616.00,2806.75,2586.00,2637.50,2720.00,2760.00,2624.00
2018-05,2018-05-01,2018-05-31,23,23,23252,False,0.00,2646.25,2741.75,2591.25,2707.50,27532912,8.00,20,2720.00,2741.75,2672.00,106,0,3,False,False,True,False,0,0,2712.00,2736.00,2664.00,2718.50,2552.00,2645.50,2640.00,2696.00,2608.00
2018-06,2018-06-01,2018-06-29,21,21,57287,True,4.25,2711.75,2796.00,2693.25,2720.75,24936015,8.00,14,2776.00,2796.00,2728.00,96,0,0,False,False,True,False,0,0,2768.00,2792.00,2720.00,2746.00,2595.50,2711.75,2724.25,2746.00,2676.25
2018-07,2018-07-02,2018-07-31,22,22,57287,False,0.00,2721.00,2849.50,2698.50,2826.00,22516876,8.00,20,2808.00,2848.00,2760.00,82,0,0,False,False,False,False,0,2,2800.00,2840.00,2768.00,2796.00,2693.25,2720.75,2776.00,2796.00,2728.00
2018-08,2018-08-01,2018-08-31,24,24,57287,False,0.00,2824.25,2917.50,2791.00,2907.00,24118039,8.00,17,2848.00,2872.00,2800.00,82,0,2,False,False,True,False,0,0,2856.00,2880.00,2808.00,2849.50,2698.50,2826.00,2808.00,2848.00,2760.00
2018-09,2018-09-03,2018-09-28,20,20,16114,True,5.25,2911.75,2947.00,2870.25,2921.75,23596580,8.00,11,2912.00,2920.00,2880.00,70,0,0,False,False,False,False,0,0,2888.00,2928.00,2888.00,2922.75,2796.25,2912.25,2853.25,2877.25,2805.25
2018-10,2018-10-01,2018-10-31,23,23,16114,False,0.00,2922.50,2944.75,2603.00,2706.00,51247412,8.00,44,2776.00,2816.00,2648.00,178,0,3,False,False,False,False,4,0,2768.00,2808.00,2640.00,2947.00,2870.25,2921.75,2912.00,2920.00,2880.00
2018-11,2018-11-01,2018-11-30,22,22,16114,False,0.00,2706.00,2818.00,2626.00,2764.00,35709905,8.00,25,2728.00,2768.00,2664.00,148,0,0,False,False,True,True,0,0,2728.00,2752.00,2664.00,2944.75,2603.00,2706.00,2776.00,2816.00,2648.00
2018-12,2018-12-03,2018-12-31,20,20,18720,True,3.50,2797.00,2817.50,2316.75,2508.75,40733089,8.00,64,2640.00,2728.00,2448.00,201,3,3,False,False,False,False,6,0,2656.00,2744.00,2480.00,2821.50,2629.50,2767.50,2731.50,2771.50,2667.50
2019-01,2019-01-02,2019-01-31,22,22,18720,False,0.00,2508.00,2713.00,2438.50,2712.00,32670491,8.00,36,2632.00,2688.00,2552.00,131,0,0,True,False,False,False,0,0,2632.00,2672.00,2552.00,2817.50,2316.75,2508.75,2640.00,2728.00,2448.00
2019-02,2019-02-01,2019-02-28,20,20,18720,False,0.00,2707.75,2814.00,2680.75,2787.00,24385386,8.00,17,2776.00,2800.00,2712.00,84,0,0,False,False,False,True,0,0,2784.00,2808.00,2720.00,2713.00,2438.50,2712.00,2632.00,2688.00,2552.00
2019-03,2019-03-01,2019-03-29,21,21,736,True,4.50,2789.75,2866.00,2726.50,2839.50,29097632,8.00,19,2824.00,2848.00,2776.00,109,0,2,False,False,True,False,0,0,2816.00,2840.00,2784.00,2818.50,2685.25,2791.50,2780.50,2804.50,2716.50
2019-04,2019-04-01,2019-04-30,21,21,736,False,0.00,2844.50,2956.50,2844.50,2955.00,23091050,8.00,15,2896.00,2936.00,2880.00,74,0,2,False,False,False,False,0,0,2904.00,2944.00,2872.00,2866.00,2726.50,2839.50,2824.00,2848.00,2776.00
2019-05,2019-05-01,2019-05-31,23,23,736,False,0.00,2955.00,2961.25,2750.00,2752.50,40449015,8.00,28,2848.00,2904.00,2800.00,140,2,0,False,True,False,False,0,0,2856.00,2912.00,2808.00,2956.50,2844.50,2955.00,2896.00,2936.00,2880.00
2019-06,2019-06-03,2019-06-28,20,20,37699,True,4.25,2745.25,2969.25,2733.00,2953.75,26855819,8.00,31,2888.00,2969.25,2856.00,95,0,2,False,False,False,False,0,3,2920.00,2960.00,2872.00,2965.50,2754.25,2756.75,2852.25,2908.25,2804.25
2019-07,2019-07-01,2019-07-31,23,23,37699,False,0.00,2970.00,3029.50,2955.50,2973.50,24485400,8.00,10,3000.00,3024.00,2968.00,96,0,0,False,False,True,True,0,0,3008.00,3016.00,2976.00,2969.25,2733.00,2953.75,2888.00,2969.25,2856.00
2019-08,2019-08-01,2019-08-30,22,22,37699,False,0.00,2970.25,3014.25,2775.75,2923.75,43011098,8.00,31,2888.00,2944.00,2856.00,190,6,5,False,False,False,False,0,0,2920.00,2944.00,2856.00,3029.50,2955.50,2973.50,3000.00,3024.00,2968.00
2019-09,2019-09-02,2019-09-30,21,21,16145,True,2.00,2903.00,3025.75,2891.00,2984.50,25703878,8.00,18,2984.00,3024.00,2952.00,103,0,0,False,False,True,True,0,0,2976.00,3016.00,2960.00,3016.25,2777.75,2925.75,2890.00,2946.00,2858.00
2019-10,2019-10-01,2019-10-31,23,23,16145,False,0.00,2984.00,3055.00,2855.00,3035.50,29750045,8.00,26,2992.00,3032.00,2912.00,128,0,3,False,False,True,False,0,0,2992.00,3048.00,2928.00,3025.75,2891.00,2984.50,2984.00,3024.00,2952.00
2019-11,2019-11-01,2019-11-29,21,21,16145,False,0.00,3036.00,3155.00,3033.00,3143.75,21753841,8.00,16,3088.00,3144.00,3056.00,70,0,3,False,False,True,False,0,0,3088.00,3128.00,3072.00,3055.00,2855.00,3035.50,2992.00,3032.00,2912.00
2019-12,2019-12-02,2019-12-31,21,21,10571,True,3.00,3149.25,3254.00,3072.50,3236.00,23535063,8.00,23,3144.00,3216.00,3096.00,83,0,0,False,False,False,False,0,0,3224.00,3248.00,3128.00,3158.00,3036.00,3146.75,3091.00,3147.00,3059.00
2020-01,2020-01-02,2020-01-31,22,22,10571,False,0.00,3237.00,3337.50,3181.00,3227.00,35594151,8.00,21,3256.00,3312.00,3224.00,119,0,3,False,False,True,False,0,0,3240.00,3296.00,3224.00,3254.00,3072.50,3236.00,3144.00,3216.00,3096.00
2020-02,2020-02-03,2020-02-28,20,20,10571,False,0.00,3222.75,3397.50,2853.25,2988.00,44208806,8.00,69,3352.00,3397.50,3144.00,169,0,0,False,True,True,False,0,14,3368.00,3392.00,3144.00,3337.50,3181.00,3227.00,3256.00,3312.00,3224.00
2020-03,2020-03-02,2020-03-31,22,22,21336,True,-14.50,2885.50,3122.50,2174.00,2562.00,56443803,8.00,120,2440.00,2720.00,2248.00,563,0,7,False,False,False,False,0,0,3040.00,3122.50,2480.00,3383.00,2838.75,2973.50,3337.50,3383.00,3129.50
2020-04,2020-04-01,2020-04-30,21,21,21336,False,0.00,2562.25,2965.00,2424.75,2882.50,36862497,8.00,68,2808.00,2944.00,2680.00,278,0,0,False,False,False,False,0,6,2784.00,2920.00,2704.00,3122.50,2174.00,2562.00,2440.00,2720.00,2248.00
2020-05,2020-05-01,2020-05-29,21,21,21336,False,0.00,2871.50,3065.50,2760.25,3057.25,34261434,8.00,39,2848.00,2968.00,2816.00,190,0,0,False,False,False,False,0,0,2944.00,2968.00,2800.00,2965.00,2424.75,2882.50,2808.00,2944.00,2680.00
2020-06,2020-06-01,2020-06-30,22,22,12181,True,-10.75,3019.00,3220.50,2924.25,3085.00,37620749,8.00,38,3064.00,3136.00,3000.00,242,0,6,False,False,True,False,0,0,3096.00,3136.00,3016.00,3054.75,2749.50,3046.50,2837.25,2957.25,2805.25
2020-07,2020-07-01,2020-07-31,23,23,12181,False,0.00,3081.75,3284.50,3062.75,3269.50,34814950,8.00,29,3224.00,3264.00,3144.00,178,0,4,False,False,False,False,0,0,3216.00,3272.00,3152.00,3220.50,2924.25,3085.00,3064.00,3136.00,3000.00
2020-08,2020-08-03,2020-08-31,21,21,12181,False,0.00,3272.00,3524.50,3254.75,3494.00,26025837,8.00,35,3376.00,3400.00,3264.00,112,0,2,True,False,False,False,2,0,3368.00,3408.00,3272.00,3284.50,3062.75,3269.50,3224.00,3264.00,3144.00
2020-09,2020-09-01,2020-09-30,22,22,19100,True,-10.50,3482.75,3576.50,3198.00,3338.50,39932531,8.00,49,3360.00,3432.00,3264.00,249,0,0,False,False,True,False,0,0,3336.00,3424.00,3256.00,3514.00,3244.25,3483.50,3365.50,3389.50,3253.50
2020-10,2020-10-01,2020-10-30,22,22,19100,False,0.00,3344.75,3541.00,3225.00,3278.25,35160659,8.00,40,3440.00,3496.00,3328.00,190,0,0,False,True,False,False,0,0,3432.00,3520.00,3352.00,3576.50,3198.00,3338.50,3360.00,3432.00,3264.00
2020-11,2020-11-02,2020-11-30,21,21,19100,False,0.00,3260.00,3668.00,3243.25,3632.50,30030628,8.00,54,3552.00,3656.00,3488.00,191,2,7,False,False,False,False,0,5,3608.00,3632.00,3496.00,3541.00,3225.00,3278.25,3440.00,3496.00,3328.00
2020-12,2020-12-01,2020-12-31,22,22,5482,True,-7.25,3623.75,3753.00,3596.00,3748.75,24146683,8.00,21,3672.00,3712.00,3640.00,140,0,3,False,False,False,False,0,0,3680.00,3704.00,3648.00,3660.75,3236.00,3625.25,3544.75,3648.75,3480.75
2021-01,2021-01-04,2021-01-29,20,20,5482,False,0.00,3748.75,3862.25,3652.50,3696.50,29192476,8.00,27,3784.00,3840.00,3720.00,174,0,3,False,False,True,False,0,0,3792.00,3848.00,3728.00,3753.00,3596.00,3748.75,3672.00,3712.00,3640.00
2021-02,2021-02-01,2021-02-26,20,20,5482,False,0.00,3692.25,3959.25,3656.50,3807.75,28951323,8.00,38,3888.00,3944.00,3824.00,160,0,13,False,False,True,False,0,0,3904.00,3928.00,3824.00,3862.25,3652.50,3696.50,3784.00,3840.00,3720.00
2021-03,2021-03-01,2021-03-31,23,23,3853,True,-9.00,3808.25,3983.75,3711.50,3966.25,41172904,8.00,35,3896.00,3968.00,3832.00,208,0,0,False,False,True,False,0,0,3912.00,3968.00,3864.00,3950.25,3647.50,3798.75,3879.00,3935.00,3815.00
2021-04,2021-04-01,2021-04-30,22,22,3853,False,0.00,3967.50,4211.00,3964.50,4180.50,27686716,8.00,32,4160.00,4200.00,4096.00,123,0,6,False,False,False,False,0,0,4176.00,4200.00,4112.00,3983.75,3711.50,3966.25,3896.00,3968.00,3832.00
2021-05,2021-05-03,2021-05-31,21,21,3853,False,0.00,4181.50,4238.25,4029.25,4191.25,31683422,8.00,27,4176.00,4216.00,4112.00,163,0,3,False,False,True,False,0,0,4152.00,4208.00,4104.00,4211.00,3964.50,4180.50,4160.00,4200.00,4096.00
2021-06,2021-06-01,2021-06-30,22,22,1030,True,-9.00,4183.00,4294.25,4126.75,4293.50,23430449,8.00,22,4200.00,4256.00,4184.00,122,0,2,False,False,True,False,0,0,4208.00,4248.00,4176.00,4229.25,4020.25,4182.25,4167.00,4207.00,4103.00
2021-07,2021-07-01,2021-07-30,22,22,1030,False,0.00,4294.25,4422.50,4224.00,4395.25,27842691,8.00,25,4344.00,4400.00,4296.00,149,0,3,False,False,True,False,0,0,4344.00,4400.00,4312.00,4294.25,4126.75,4293.50,4200.00,4256.00,4184.00
2021-08,2021-08-02,2021-08-31,22,22,1030,False,0.00,4396.50,4542.25,4347.75,4528.00,24146210,8.00,25,4432.00,4488.00,4384.00,121,0,2,False,False,False,False,0,0,4432.00,4488.00,4384.00,4422.50,4224.00,4395.25,4344.00,4400.00,4296.00
2021-09,2021-09-01,2021-09-30,22,22,8858,True,-9.25,4518.50,4540.25,4293.75,4298.50,31956168,8.00,32,4440.00,4480.00,4328.00,173,0,0,False,False,True,True,0,0,4432.00,4536.00,4368.00,4533.00,4338.50,4518.75,4422.75,4478.75,4374.75
2021-10,2021-10-01,2021-10-29,21,21,8858,False,0.00,4301.00,4603.50,4260.00,4602.50,27953753,8.00,44,4352.00,4472.00,4260.00,158,0,0,True,False,False,False,3,0,4344.00,4528.00,4264.00,4540.25,4293.75,4298.50,4440.00,4480.00,4328.00
2021-11,2021-11-01,2021-11-30,22,22,8858,False,0.00,4608.00,4740.50,4557.00,4585.50,28178732,8.00,24,4672.00,4712.00,4624.00,150,2,0,False,True,False,False,0,0,4672.00,4712.00,4624.00,4603.50,4260.00,4602.50,4352.00,4472.00,4260.00
2021-12,2021-12-01,2021-12-31,22,22,5782,True,-7.50,4580.00,4799.75,4484.50,4761.50,33366686,8.00,40,4664.00,4720.00,4536.00,221,0,0,False,False,True,False,0,0,4672.00,4696.00,4528.00,4733.00,4549.50,4578.00,4664.50,4704.50,4616.50
2022-01,2022-01-03,2022-01-31,21,21,5782,False,0.00,4771.00,4808.25,4212.75,4491.75,40464484,8.00,76,4656.00,4792.00,4384.00,284,3,6,False,False,False,False,0,0,4688.00,4744.00,4368.00,4799.75,4484.50,4761.50,4664.00,4720.00,4536.00
2022-02,2022-02-01,2022-02-28,20,20,5782,False,0.00,4493.25,4586.00,4101.75,4370.25,34995501,8.00,62,4472.00,4544.00,4296.00,270,0,14,False,False,True,False,0,0,4496.00,4584.00,4352.00,4808.25,4212.75,4491.75,4656.00,4792.00,4384.00
2022-03,2022-03-01,2022-03-31,23,23,3403,True,-9.50,4358.00,4631.00,4129.25,4541.00,32722644,8.00,63,4264.00,4416.00,4136.00,298,0,0,False,False,True,True,0,0,4216.00,4464.00,4152.00,4576.50,4092.25,4360.75,4462.50,4534.50,4286.50
2022-04,2022-04-01,2022-04-29,20,20,3403,False,0.00,4541.00,4588.75,4118.75,4137.00,31178192,8.00,60,4440.00,4588.75,4264.00,247,0,0,False,True,False,False,0,6,4456.00,4588.75,4280.00,4631.00,4129.25,4541.00,4264.00,4416.00,4136.00
2022-05,2022-05-02,2022-05-31,22,22,3403,False,0.00,4144.00,4303.00,3807.50,4132.25,41011919,8.00,63,3976.00,4144.00,3896.00,320,0,6,False,False,True,False,0,0,4008.00,4128.00,3880.00,4588.75,4118.75,4137.00,4440.00,4588.75,4264.00
2022-06,2022-06-01,2022-06-30,22,22,97042,True,3.25,4141.75,4192.25,3639.00,3781.00,33722866,8.00,71,3800.00,3984.00,3640.00,294,2,0,False,False,False,False,12,0,3768.00,4064.00,3640.00,4306.25,3810.75,4135.50,3979.25,4147.25,3899.25
2022-07,2022-07-01,2022-07-29,21,21,97042,False,0.00,3782.00,4144.00,3723.75,4132.50,32927121,8.00,54,3864.00,3952.00,3752.00,223,0,3,True,False,False,False,4,0,3856.00,3960.00,3744.00,4192.25,3639.00,3781.00,3800.00,3984.00,3640.00
2022-08,2022-08-01,2022-08-31,23,23,97042,False,0.00,4137.50,4327.50,3953.00,3960.50,37086069,8.00,47,4136.00,4272.00,4088.00,216,0,0,False,False,False,False,0,0,4136.00,4288.00,4088.00,4144.00,3723.75,4132.50,3864.00,3952.00,3752.00
2022-09,2022-09-01,2022-09-30,22,22,206323,True,19.00,3977.00,4177.00,3595.25,3604.25,46372155,8.00,74,3936.00,4152.00,3760.00,273,5,0,False,True,False,False,0,0,3944.00,4096.00,3704.00,4346.50,3972.00,3979.50,4155.00,4291.00,4107.00
2022-10,2022-10-03,2022-10-31,21,21,206323,False,0.00,3593.25,3924.25,3502.00,3882.75,46618360,8.00,54,3696.00,3816.00,3600.00,286,0,9,False,False,False,False,0,0,3688.00,3808.00,3608.00,4177.00,3595.25,3604.25,3936.00,4152.00,3760.00
2022-11,2022-11-01,2022-11-30,22,22,206323,False,0.00,3884.00,4093.50,3704.25,4093.00,34788344,8.00,49,3960.00,4048.00,3816.00,233,0,0,True,False,False,True,0,0,3960.00,4048.00,3848.00,3924.25,3502.00,3882.75,3696.00,3816.00,3600.00
2022-12,2022-12-01,2022-12-30,21,21,206299,True,33.50,4128.00,4178.50,3788.50,3868.00,29371735,8.00,50,3864.00,4032.00,3800.00,229,5,2,False,False,False,False,0,0,3856.00,4008.00,3792.00,4127.00,3737.75,4126.50,3993.50,4081.50,3849.50
2023-01,2023-01-03,2023-01-31,21,21,206299,False,0.00,3895.00,4109.25,3814.50,4085.75,32822776,8.00,38,4024.00,4064.00,3896.00,192,2,0,False,False,False,False,0,0,4008.00,4064.00,3912.00,4178.50,3788.50,3868.00,3864.00,4032.00,3800.00
2023-02,2023-02-01,2023-02-28,20,20,206299,False,0.00,4085.75,4208.50,3947.50,3969.50,35312052,8.00,34,4136.00,4192.00,4056.00,179,2,2,False,False,False,False,0,0,4128.00,4200.00,4064.00,4109.25,3814.50,4085.75,4024.00,4064.00,3896.00
2023-03,2023-03-01,2023-03-31,23,23,95414,True,33.00,4001.50,4142.50,3841.75,4139.50,40208129,8.00,38,4000.00,4056.00,3904.00,238,0,3,True,False,False,False,0,0,4016.00,4056.00,3936.00,4241.50,3980.50,4002.50,4169.00,4225.00,4089.00
2023-04,2023-04-03,2023-04-28,20,20,95414,False,0.00,4127.00,4198.25,4068.75,4190.75,28141624,8.00,17,4144.00,4184.00,4112.00,129,0,2,False,False,True,False,0,0,4152.00,4176.00,4120.00,4142.50,3841.75,4139.50,4000.00,4056.00,3904.00
2023-05,2023-05-01,2023-05-31,23,23,95414,False,0.00,4190.00,4243.25,4062.25,4188.25,34211341,8.00,24,4144.00,4200.00,4112.00,160,0,2,False,False,True,False,0,0,4136.00,4208.00,4120.00,4198.25,4068.75,4190.75,4144.00,4184.00,4112.00
2023-06,2023-06-01,2023-06-30,22,22,3445,True,45.25,4233.75,4498.00,4223.25,4482.50,31044941,8.00,36,4408.00,4480.00,4344.00,139,0,7,False,False,False,False,0,2,4408.00,4496.00,4344.00,4288.50,4107.50,4233.50,4189.25,4245.25,4157.25
2023-07,2023-07-03,2023-07-31,21,21,3445,False,0.00,4485.50,4634.50,4411.25,4617.25,26364068,8.00,29,4576.00,4632.00,4480.00,123,2,0,False,False,False,False,0,0,4584.00,4624.00,4504.00,4498.00,4223.25,4482.50,4408.00,4480.00,4344.00
2023-08,2023-08-01,2023-08-31,23,23,3445,False,0.00,4617.75,4621.75,4350.00,4517.25,34817386,8.00,35,4496.00,4552.00,4416.00,181,3,2,False,False,False,False,2,0,4520.00,4544.00,4408.00,4634.50,4411.25,4617.25,4576.00,4632.00,4480.00
2023-09,2023-09-01,2023-09-29,21,21,314863,True,48.75,4565.50,4596.50,4277.00,4329.25,28522246,8.00,41,4504.00,4592.00,4376.00,146,2,3,False,False,False,False,0,5,4496.00,4596.50,4368.00,4670.50,4398.75,4566.00,4544.75,4600.75,4464.75
2023-10,2023-10-02,2023-10-31,22,22,314863,False,0.00,4349.00,4430.50,4122.25,4204.00,42455011,8.00,39,4272.00,4408.00,4240.00,197,0,2,False,False,False,False,0,0,4264.00,4416.00,4248.00,4596.50,4277.00,4329.25,4504.00,4592.00,4376.00
2023-11,2023-11-01,2023-11-30,22,22,314863,False,0.00,4205.00,4597.00,4191.25,4571.75,30105509,8.00,52,4560.00,4597.00,4368.00,138,2,9,False,False,False,False,0,13,4560.00,4597.00,4384.00,4430.50,4122.25,4204.00,4272.00,4408.00,4240.00
2023-12,2023-12-01,2023-12-29,20,20,17077,True,52.00,4623.75,4841.50,4600.75,4812.75,26212753,8.00,31,4784.00,4841.50,4656.00,124,0,0,False,False,True,True,0,6,4624.00,4792.00,4600.75,4649.00,4243.25,4623.75,4612.00,4649.00,4420.00
2024-01,2024-01-02,2024-01-31,22,22,17077,False,0.00,4818.00,4957.25,4702.00,4871.75,31040951,8.00,33,4800.00,4872.00,4704.00,150,0,2,False,False,True,False,3,0,4912.00,4957.25,4784.00,4841.50,4600.75,4812.75,4784.00,4841.50,4656.00
2024-02,2024-02-01,2024-02-29,21,21,17077,False,0.00,4874.50,5123.50,4872.50,5100.75,27710308,8.00,32,5016.00,5072.00,4952.00,147,0,6,False,False,False,False,0,0,4968.00,5088.00,4952.00,4957.25,4702.00,4871.75,4800.00,4872.00,4704.00
2024-03,2024-03-01,2024-03-28,20,20,5602,True,63.25,5164.75,5322.75,5126.25,5304.25,26759859,8.00,26,5192.00,5248.00,5144.00,143,0,3,False,False,True,False,0,0,5216.00,5256.00,5152.00,5186.75,4935.75,5164.00,5079.25,5135.25,5015.25
2024-04,2024-04-01,2024-04-30,22,22,5602,False,0.00,5314.25,5333.50,4963.50,5055.00,36200872,8.00,47,5112.00,5232.00,5016.00,227,3,5,False,False,False,False,0,0,5096.00,5216.00,5016.00,5322.75,5126.25,5304.25,5192.00,5248.00,5144.00
2024-05,2024-05-01,2024-05-31,23,23,5602,False,0.00,5050.00,5368.25,5036.25,5299.25,28292148,8.00,43,5320.00,5344.00,5192.00,163,3,0,False,False,False,True,0,5,5320.00,5344.00,5208.00,5333.50,4963.50,5055.00,5112.00,5232.00,5016.00
2024-06,2024-06-03,2024-06-28,20,20,118,True,69.25,5368.75,5588.00,5316.00,5532.25,23789251,8.00,35,5512.00,5584.00,5432.00,139,0,2,False,False,True,False,0,0,5528.00,5584.00,5432.00,5437.50,5105.50,5368.50,5389.25,5413.25,5261.25
2024-07,2024-07-01,2024-07-31,23,23,118,False,0.00,5534.25,5721.25,5432.50,5570.25,35820572,8.00,37,5584.00,5704.00,5504.00,210,0,0,False,False,False,True,0,0,5640.00,5664.00,5480.00,5588.00,5316.00,5532.25,5512.00,5584.00,5432.00
2024-08,2024-08-01,2024-08-30,22,22,118,False,0.00,5574.75,5669.00,5120.00,5656.50,34343372,8.00,69,5616.00,5669.00,5328.00,276,0,7,False,False,True,False,0,0,5632.00,5669.00,5344.00,5721.25,5432.50,5570.25,5584.00,5704.00,5504.00
2024-09,2024-09-02,2024-09-30,21,21,183748,True,61.50,5717.75,5830.00,5455.50,5806.25,27238971,8.00,48,5776.00,5830.00,5584.00,201,0,2,False,False,False,False,0,0,5784.00,5824.00,5576.00,5730.50,5181.50,5718.00,5677.50,5730.50,5389.50
2024-10,2024-10-01,2024-10-31,23,23,183748,False,0.00,5807.00,5927.25,5724.00,5738.50,27225986,8.00,26,5864.00,5904.00,5768.00,191,0,0,False,False,False,True,0,0,5864.00,5920.00,5784.00,5830.00,5455.50,5806.25,5776.00,5830.00,5584.00
2024-11,2024-11-01,2024-11-29,21,21,183748,False,0.00,5742.00,6060.00,5724.25,6051.50,27304142,8.00,43,6008.00,6048.00,5896.00,192,0,0,False,False,False,False,0,3,6016.00,6040.00,5904.00,5927.25,5724.00,5738.50,5864.00,5904.00,5768.00
2024-12,2024-12-02,2024-12-31,21,21,5002,True,74.00,6125.50,6185.00,5866.00,5938.25,25309406,8.00,41,6136.00,6176.00,5976.00,202,0,5,False,False,False,False,0,0,6136.00,6185.00,6008.00,6134.00,5798.25,6125.50,6082.00,6122.00,5970.00
2025-01,2025-01-02,2025-01-31,22,22,5002,False,0.00,5949.25,6162.25,5809.00,6065.50,31373133,8.00,45,5992.00,6112.00,5928.00,242,0,4,False,False,False,False,0,0,5984.00,6136.00,5936.00,6185.00,5866.00,5938.25,6136.00,6176.00,5976.00
2025-02,2025-02-03,2025-02-28,20,20,5002,False,0.00,5982.25,6166.50,5848.00,5958.00,29463120,8.00,40,6056.00,6144.00,5992.00,204,0,0,False,True,False,False,0,0,6128.00,6152.00,5984.00,6162.25,5809.00,6065.50,5992.00,6112.00,5928.00
2025-03,2025-03-03,2025-03-31,21,21,4916,True,51.25,6018.75,6051.75,5533.75,5644.50,37549965,8.00,66,5672.00,5824.00,5608.00,315,15,0,False,True,False,False,0,0,5808.00,5864.00,5648.00,6217.75,5899.25,6009.25,6107.25,6195.25,6043.25
2025-04,2025-04-01,2025-04-30,21,21,4916,False,0.00,5644.25,5773.25,4832.00,5619.25,38485308,8.00,118,5280.00,5544.00,5136.00,571,10,4,False,False,False,False,0,0,5472.00,5576.00,5168.00,6051.75,5533.75,5644.50,5672.00,5824.00,5608.00
2025-05,2025-05-01,2025-05-30,22,22,4916,False,0.00,5617.50,6008.00,5596.00,5913.75,26658355,8.00,53,5888.00,6008.00,5728.00,257,2,0,False,False,False,False,0,0,5912.00,6000.00,5736.00,5773.25,4832.00,5619.25,5280.00,5544.00,5136.00
2025-06,2025-06-02,2025-06-30,21,21,14160,True,53.75,5952.50,6265.50,5921.25,6245.25,22079426,8.00,44,6040.00,6096.00,5976.00,210,0,4,True,False,False,False,0,0,6064.00,6120.00,6000.00,6061.75,5649.75,5967.50,5941.75,6061.75,5781.75
2025-07,2025-07-01,2025-07-31,23,23,14160,False,0.00,6245.75,6468.50,6227.25,6368.75,23685373,8.00,31,6288.00,6376.00,6240.00,174,0,0,False,False,False,False,0,0,6296.00,6384.00,6232.00,6265.50,5921.25,6245.25,6040.00,6096.00,5976.00
2025-08,2025-08-01,2025-08-29,21,21,14160,False,0.00,6359.50,6523.00,6239.50,6474.00,25239832,8.00,37,6464.00,6504.00,6368.00,195,0,2,False,False,False,False,0,0,6464.00,6504.00,6368.00,6468.50,6227.25,6368.75,6288.00,6376.00,6240.00
2025-09,2025-09-01,2025-09-30,22,22,294973,True,57.00,6535.75,6756.75,6428.75,6724.00,24948766,8.00,42,6696.00,6752.00,6568.00,171,0,7,False,False,True,False,0,0,6704.00,6756.75,6576.00,6580.00,6296.50,6531.00,6521.00,6561.00,6425.00
2025-10,2025-10-01,2025-10-31,23,23,294973,False,0.00,6725.50,6953.75,6540.25,6872.25,34748421,8.00,53,6760.00,6816.00,6632.00,259,0,4,False,False,True,False,3,0,6768.00,6808.00,6656.00,6756.75,6428.75,6724.00,6696.00,6752.00,6568.00
2025-11,2025-11-03,2025-11-28,20,20,294973,False,0.00,6878.00,6909.50,6525.00,6857.25,32875434,8.00,49,6784.00,6856.00,6656.00,275,0,3,False,False,False,False,0,0,6760.00,6880.00,6680.00,6953.75,6540.25,6872.25,6760.00,6816.00,6632.00
2025-12,2025-12-01,2025-12-31,22,22,42140878,True,55.00,6909.75,6994.00,6771.50,6893.75,24297867,8.00,29,6912.00,6968.00,6864.00,188,0,0,False,False,False,True,0,0,6912.00,6968.00,6880.00,6964.50,6580.00,6912.25,6839.00,6911.00,6711.00
2026-01,2026-01-02,2026-01-30,21,21,42140878,False,0.00,6902.00,7043.00,6814.50,6961.25,27785854,8.00,30,6960.00,7016.00,6912.00,209,0,0,False,False,False,False,0,0,6952.00,7024.00,6936.00,6994.00,6771.50,6893.75,6912.00,6968.00,6864.00
2026-02,2026-02-02,2026-02-27,20,20,42140878,False,0.00,6938.50,7027.25,6751.50,6875.25,29340420,8.00,36,6880.00,6968.00,6848.00,273,0,5,False,False,False,False,0,0,6880.00,6968.00,6848.00,7043.00,6814.50,6961.25,6960.00,7016.00,6912.00
2026-03,2026-03-02,2026-03-31,22,22,42140864,True,51.50,6871.50,6962.75,6353.25,6567.50,37087690,8.00,77,6672.00,6936.00,6592.00,401,0,0,False,False,False,True,0,0,6632.00,6896.00,6584.00,7078.75,6803.00,6926.75,6931.50,7019.50,6899.50
2026-04,2026-04-01,2026-04-30,22,22,42140864,False,0.00,6562.00,7253.50,6503.75,7246.75,31079565,8.00,95,7144.00,7248.00,6776.00,269,0,8,True,False,False,False,0,22,7152.00,7253.50,6848.00,6962.75,6353.25,6567.50,6672.00,6936.00,6592.00
2026-05,2026-05-01,2026-05-29,21,21,42140864,False,0.00,7256.00,7611.50,7199.50,7590.75,28502005,8.00,53,7408.00,7544.00,7344.00,220,0,3,True,False,False,False,0,3,7416.00,7536.00,7352.00,7253.50,6503.75,7246.75,7144.00,7248.00,6776.00
2026-06,2026-06-01,2026-06-30,22,22,42140870,True,68.25,7663.25,7700.50,7300.50,7542.00,30003638,8.00,51,7488.00,7592.00,7392.00,330,0,2,False,False,True,False,0,0,7440.00,7592.00,7392.00,7679.75,7267.75,7659.00,7476.25,7612.25,7412.25
2026-07,2026-07-01,2026-07-31,23,23,42140870,False,0.00,7543.25,7632.00,7324.00,7503.50,29178340,8.00,40,7544.00,7600.00,7464.00,279,0,0,False,False,False,False,0,0,7544.00,7600.00,7464.00,7700.50,7300.50,7542.00,7488.00,7592.00,7392.00
2026-08,2026-08-03,2026-08-31,21,21,42140870,False,0.00,7550.00,7838.50,7542.75,7701.25,24250065,8.00,38,7760.00,7800.00,7680.00,188,0,11,False,False,False,False,0,0,7768.00,7792.00,7688.00,7632.00,7324.00,7503.50,7544.00,7600.00,7464.00
2026-09,2026-09-01,2026-09-16,12,12,42140870,False,0.00,7701.25,7766.50,7576.75,7598.50,12110441,8.00,24,7632.00,7704.00,7600.00,106,0,0,False,False,True,False,0,0,7672.00,7728.00,7624.00,7838.50,7542.75,7701.25,7760.00,7800.00,7680.00
