week_monday,day_median,target_day,adaptive_day,adaptive_changed,adaptive_week,adaptive_month,fixed_day,fixed_week,fixed_month
2010-06-07,17.88,0.75,0.75,False,1.5,3.0,2.0,4.0,8.0
2010-06-14,22.0,1.0,0.75,False,1.5,3.0,2.0,4.0,8.0
2010-06-21,16.88,0.75,0.75,False,1.5,3.0,2.0,4.0,8.0
2010-06-28,17.25,0.75,0.75,False,1.5,3.0,2.0,4.0,8.0
2010-07-05,17.88,0.75,0.75,False,1.5,3.0,2.0,4.0,8.0
2010-07-12,17.38,0.75,0.75,False,1.5,3.0,2.0,4.0,8.0
2010-07-19,17.75,0.75,0.75,False,1.5,3.0,2.0,4.0,8.0
2010-07-26,17.5,0.75,0.75,False,1.5,3.0,2.0,4.0,8.0
2010-08-02,16.62,0.75,0.75,False,1.5,3.0,2.0,4.0,8.0
2010-08-09,14.0,0.5,0.75,False,1.5,3.0,2.0,4.0,8.0
2010-08-16,14.12,0.5,0.5,True,1.0,3.0,2.0,4.0,8.0
2010-08-23,14.12,0.5,0.5,False,1.0,3.0,2.0,4.0,8.0
2010-08-30,14.62,0.5,0.5,False,1.0,3.0,2.0,4.0,8.0
2010-09-06,15.12,0.5,0.5,False,1.0,2.0,2.0,4.0,8.0
2010-09-13,14.62,0.5,0.5,False,1.0,2.0,2.0,4.0,8.0
2010-09-20,11.62,0.5,0.5,False,1.0,2.0,2.0,4.0,8.0
2010-09-27,12.38,0.5,0.5,False,1.0,2.0,2.0,4.0,8.0
2010-10-04,11.5,0.5,0.5,False,1.0,2.0,2.0,4.0,8.0
2010-10-11,12.62,0.5,0.5,False,1.0,2.0,2.0,4.0,8.0
2010-10-18,13.38,0.5,0.5,False,1.0,2.0,2.0,4.0,8.0
2010-10-25,13.25,0.5,0.5,False,1.0,2.0,2.0,4.0,8.0
2010-11-01,12.88,0.5,0.5,False,1.0,2.0,2.0,4.0,8.0
2010-11-08,12.5,0.5,0.5,False,1.0,2.0,2.0,4.0,8.0
2010-11-15,12.5,0.5,0.5,False,1.0,2.0,2.0,4.0,8.0
2010-11-22,11.5,0.5,0.5,False,1.0,2.0,2.0,4.0,8.0
2010-11-29,11.12,0.5,0.5,False,1.0,2.0,2.0,4.0,8.0
2010-12-06,11.12,0.5,0.5,False,1.0,2.0,2.0,4.0,8.0
2010-12-13,11.0,0.5,0.5,False,1.0,2.0,2.0,4.0,8.0
2010-12-20,10.5,0.5,0.5,False,1.0,2.0,2.0,4.0,8.0
2010-12-27,9.5,0.5,0.5,False,1.0,2.0,2.0,4.0,8.0
2011-01-03,7.0,0.25,0.5,False,1.0,2.0,2.0,4.0,8.0
2011-01-10,7.75,0.25,0.25,True,0.5,2.0,2.0,4.0,8.0
2011-01-17,7.38,0.25,0.25,False,0.5,2.0,2.0,4.0,8.0
2011-01-24,8.25,0.25,0.25,False,0.5,2.0,2.0,4.0,8.0
2011-01-31,9.88,0.5,0.25,False,0.5,2.0,2.0,4.0,8.0
2011-02-07,10.0,0.5,0.5,True,1.0,1.0,2.0,4.0,8.0
2011-02-14,10.38,0.5,0.5,False,1.0,1.0,2.0,4.0,8.0
2011-02-21,10.0,0.5,0.5,False,1.0,1.0,2.0,4.0,8.0
2011-02-28,10.38,0.5,0.5,False,1.0,1.0,2.0,4.0,8.0
2011-03-07,10.62,0.5,0.5,False,1.0,2.0,2.0,4.0,8.0
2011-03-14,12.62,0.5,0.5,False,1.0,2.0,2.0,4.0,8.0
2011-03-21,15.88,0.75,0.5,False,1.0,2.0,2.0,4.0,8.0
2011-03-28,14.25,0.5,0.5,False,1.0,2.0,2.0,4.0,8.0
2011-04-04,13.62,0.5,0.5,False,1.0,2.0,2.0,4.0,8.0
2011-04-11,11.5,0.5,0.5,False,1.0,2.0,2.0,4.0,8.0
2011-04-18,9.88,0.5,0.5,False,1.0,2.0,2.0,4.0,8.0
2011-04-25,9.62,0.5,0.5,False,1.0,2.0,2.0,4.0,8.0
2011-05-02,9.62,0.5,0.5,False,1.0,2.0,2.0,4.0,8.0
2011-05-09,12.12,0.5,0.5,False,1.0,2.0,2.0,4.0,8.0
2011-05-16,11.62,0.5,0.5,False,1.0,2.0,2.0,4.0,8.0
2011-05-23,12.62,0.5,0.5,False,1.0,2.0,2.0,4.0,8.0
2011-05-30,13.88,0.5,0.5,False,1.0,2.0,2.0,4.0,8.0
2011-06-06,13.12,0.5,0.5,False,1.0,2.0,2.0,4.0,8.0
2011-06-13,13.12,0.5,0.5,False,1.0,2.0,2.0,4.0,8.0
2011-06-20,13.12,0.5,0.5,False,1.0,2.0,2.0,4.0,8.0
2011-06-27,13.75,0.5,0.5,False,1.0,2.0,2.0,4.0,8.0
2011-07-04,14.5,0.5,0.5,False,1.0,2.0,2.0,4.0,8.0
2011-07-11,13.75,0.5,0.5,False,1.0,2.0,2.0,4.0,8.0
2011-07-18,14.0,0.5,0.5,False,1.0,2.0,2.0,4.0,8.0
2011-07-25,14.25,0.5,0.5,False,1.0,2.0,2.0,4.0,8.0
2011-08-01,14.88,0.5,0.5,False,1.0,2.0,2.0,4.0,8.0
2011-08-08,17.12,0.75,0.5,False,1.0,2.0,2.0,4.0,8.0
2011-08-15,22.25,1.0,1.0,True,2.0,2.0,2.0,4.0,8.0
2011-08-22,29.0,1.0,1.0,False,2.0,2.0,2.0,4.0,8.0
2011-08-29,34.38,1.5,1.0,False,2.0,2.0,2.0,4.0,8.0
2011-09-05,27.12,1.0,1.0,False,2.0,4.0,2.0,4.0,8.0
2011-09-12,25.25,1.0,1.0,False,2.0,4.0,2.0,4.0,8.0
2011-09-19,25.75,1.0,1.0,False,2.0,4.0,2.0,4.0,8.0
2011-09-26,22.25,1.0,1.0,False,2.0,4.0,2.0,4.0,8.0
2011-10-03,25.88,1.0,1.0,False,2.0,4.0,2.0,4.0,8.0
2011-10-10,28.38,1.0,1.0,False,2.0,4.0,2.0,4.0,8.0
2011-10-17,25.88,1.0,1.0,False,2.0,4.0,2.0,4.0,8.0
2011-10-24,24.12,1.0,1.0,False,2.0,4.0,2.0,4.0,8.0
2011-10-31,21.75,1.0,1.0,False,2.0,4.0,2.0,4.0,8.0
2011-11-07,19.62,0.75,1.0,False,2.0,4.0,2.0,4.0,8.0
2011-11-14,21.75,1.0,1.0,False,2.0,4.0,2.0,4.0,8.0
2011-11-21,20.25,0.75,1.0,False,2.0,4.0,2.0,4.0,8.0
2011-11-28,19.5,0.75,0.75,True,1.5,4.0,2.0,4.0,8.0
2011-12-05,17.38,0.75,0.75,False,1.5,3.0,2.0,4.0,8.0
2011-12-12,17.38,0.75,0.75,False,1.5,3.0,2.0,4.0,8.0
2011-12-19,17.0,0.75,0.75,False,1.5,3.0,2.0,4.0,8.0
2011-12-26,17.12,0.75,0.75,False,1.5,3.0,2.0,4.0,8.0
2012-01-02,17.12,0.75,0.75,False,1.5,3.0,2.0,4.0,8.0
2012-01-09,16.12,0.75,0.75,False,1.5,3.0,2.0,4.0,8.0
2012-01-16,11.0,0.5,0.75,False,1.5,3.0,2.0,4.0,8.0
2012-01-23,10.5,0.5,0.5,True,1.0,3.0,2.0,4.0,8.0
2012-01-30,10.25,0.5,0.5,False,1.0,3.0,2.0,4.0,8.0
2012-02-06,9.75,0.5,0.5,False,1.0,2.0,2.0,4.0,8.0
2012-02-13,10.25,0.5,0.5,False,1.0,2.0,2.0,4.0,8.0
2012-02-20,10.25,0.5,0.5,False,1.0,2.0,2.0,4.0,8.0
2012-02-27,9.62,0.5,0.5,False,1.0,2.0,2.0,4.0,8.0
2012-03-05,9.12,0.5,0.5,False,1.0,2.0,2.0,4.0,8.0
2012-03-12,9.62,0.5,0.5,False,1.0,2.0,2.0,4.0,8.0
2012-03-19,9.62,0.5,0.5,False,1.0,2.0,2.0,4.0,8.0
2012-03-26,9.88,0.5,0.5,False,1.0,2.0,2.0,4.0,8.0
2012-04-02,10.0,0.5,0.5,False,1.0,2.0,2.0,4.0,8.0
2012-04-09,10.0,0.5,0.5,False,1.0,2.0,2.0,4.0,8.0
2012-04-16,10.12,0.5,0.5,False,1.0,2.0,2.0,4.0,8.0
2012-04-23,13.12,0.5,0.5,False,1.0,2.0,2.0,4.0,8.0
2012-04-30,10.12,0.5,0.5,False,1.0,2.0,2.0,4.0,8.0
2012-05-07,12.38,0.5,0.5,False,1.0,2.0,2.0,4.0,8.0
2012-05-14,13.0,0.5,0.5,False,1.0,2.0,2.0,4.0,8.0
2012-05-21,15.0,0.5,0.5,False,1.0,2.0,2.0,4.0,8.0
2012-05-28,17.62,0.75,0.5,False,1.0,2.0,2.0,4.0,8.0
2012-06-04,17.62,0.75,0.75,True,1.5,2.0,2.0,4.0,8.0
2012-06-11,17.5,0.75,0.75,False,1.5,2.0,2.0,4.0,8.0
2012-06-18,18.12,0.75,0.75,False,1.5,2.0,2.0,4.0,8.0
2012-06-25,17.0,0.75,0.75,False,1.5,2.0,2.0,4.0,8.0
2012-07-02,16.5,0.75,0.75,False,1.5,3.0,2.0,4.0,8.0
2012-07-09,14.38,0.5,0.75,False,1.5,3.0,2.0,4.0,8.0
2012-07-16,13.12,0.5,0.5,True,1.0,3.0,2.0,4.0,8.0
2012-07-23,12.0,0.5,0.5,False,1.0,3.0,2.0,4.0,8.0
2012-07-30,12.75,0.5,0.5,False,1.0,3.0,2.0,4.0,8.0
2012-08-06,13.38,0.5,0.5,False,1.0,2.0,2.0,4.0,8.0
2012-08-13,11.38,0.5,0.5,False,1.0,2.0,2.0,4.0,8.0
2012-08-20,10.88,0.5,0.5,False,1.0,2.0,2.0,4.0,8.0
2012-08-27,10.25,0.5,0.5,False,1.0,2.0,2.0,4.0,8.0
2012-09-03,8.12,0.25,0.5,False,1.0,2.0,2.0,4.0,8.0
2012-09-10,9.38,0.5,0.5,False,1.0,2.0,2.0,4.0,8.0
2012-09-17,9.25,0.5,0.5,False,1.0,2.0,2.0,4.0,8.0
2012-09-24,8.62,0.25,0.5,False,1.0,2.0,2.0,4.0,8.0
2012-10-01,10.38,0.5,0.5,False,1.0,2.0,2.0,4.0,8.0
2012-10-08,11.25,0.5,0.5,False,1.0,2.0,2.0,4.0,8.0
2012-10-15,11.62,0.5,0.5,False,1.0,2.0,2.0,4.0,8.0
2012-10-22,12.88,0.5,0.5,False,1.0,2.0,2.0,4.0,8.0
2012-10-29,13.38,0.5,0.5,False,1.0,2.0,2.0,4.0,8.0
2012-11-05,14.0,0.5,0.5,False,1.0,2.0,2.0,4.0,8.0
2012-11-12,14.12,0.5,0.5,False,1.0,2.0,2.0,4.0,8.0
2012-11-19,15.0,0.5,0.5,False,1.0,2.0,2.0,4.0,8.0
2012-11-26,14.62,0.5,0.5,False,1.0,2.0,2.0,4.0,8.0
2012-12-03,13.62,0.5,0.5,False,1.0,2.0,2.0,4.0,8.0
2012-12-10,13.25,0.5,0.5,False,1.0,2.0,2.0,4.0,8.0
2012-12-17,11.5,0.5,0.5,False,1.0,2.0,2.0,4.0,8.0
2012-12-24,11.5,0.5,0.5,False,1.0,2.0,2.0,4.0,8.0
2012-12-31,12.12,0.5,0.5,False,1.0,2.0,2.0,4.0,8.0
2013-01-07,12.12,0.5,0.5,False,1.0,2.0,2.0,4.0,8.0
2013-01-14,11.62,0.5,0.5,False,1.0,2.0,2.0,4.0,8.0
2013-01-21,10.38,0.5,0.5,False,1.0,2.0,2.0,4.0,8.0
2013-01-28,10.12,0.5,0.5,False,1.0,2.0,2.0,4.0,8.0
2013-02-04,9.75,0.5,0.5,False,1.0,2.0,2.0,4.0,8.0
2013-02-11,10.12,0.5,0.5,False,1.0,2.0,2.0,4.0,8.0
2013-02-18,10.12,0.5,0.5,False,1.0,2.0,2.0,4.0,8.0
2013-02-25,10.12,0.5,0.5,False,1.0,2.0,2.0,4.0,8.0
2013-03-04,10.75,0.5,0.5,False,1.0,2.0,2.0,4.0,8.0
2013-03-11,10.5,0.5,0.5,False,1.0,2.0,2.0,4.0,8.0
2013-03-18,10.5,0.5,0.5,False,1.0,2.0,2.0,4.0,8.0
2013-03-25,10.25,0.5,0.5,False,1.0,2.0,2.0,4.0,8.0
2013-04-01,9.5,0.5,0.5,False,1.0,2.0,2.0,4.0,8.0
2013-04-08,9.88,0.5,0.5,False,1.0,2.0,2.0,4.0,8.0
2013-04-15,12.5,0.5,0.5,False,1.0,2.0,2.0,4.0,8.0
2013-04-22,14.0,0.5,0.5,False,1.0,2.0,2.0,4.0,8.0
2013-04-29,14.88,0.5,0.5,False,1.0,2.0,2.0,4.0,8.0
2013-05-06,13.75,0.5,0.5,False,1.0,2.0,2.0,4.0,8.0
2013-05-13,12.5,0.5,0.5,False,1.0,2.0,2.0,4.0,8.0
2013-05-20,12.0,0.5,0.5,False,1.0,2.0,2.0,4.0,8.0
2013-05-27,12.75,0.5,0.5,False,1.0,2.0,2.0,4.0,8.0
2013-06-03,13.25,0.5,0.5,False,1.0,2.0,2.0,4.0,8.0
2013-06-10,16.38,0.75,0.5,False,1.0,2.0,2.0,4.0,8.0
2013-06-17,18.25,0.75,0.75,True,1.5,2.0,2.0,4.0,8.0
2013-06-24,19.12,0.75,0.75,False,1.5,2.0,2.0,4.0,8.0
2013-07-01,18.25,0.75,0.75,False,1.5,3.0,2.0,4.0,8.0
2013-07-08,17.88,0.75,0.75,False,1.5,3.0,2.0,4.0,8.0
2013-07-15,15.62,0.75,0.75,False,1.5,3.0,2.0,4.0,8.0
2013-07-22,12.12,0.5,0.75,False,1.5,3.0,2.0,4.0,8.0
2013-07-29,11.25,0.5,0.5,True,1.0,3.0,2.0,4.0,8.0
2013-08-05,10.25,0.5,0.5,False,1.0,2.0,2.0,4.0,8.0
2013-08-12,10.38,0.5,0.5,False,1.0,2.0,2.0,4.0,8.0
2013-08-19,11.5,0.5,0.5,False,1.0,2.0,2.0,4.0,8.0
2013-08-26,11.88,0.5,0.5,False,1.0,2.0,2.0,4.0,8.0
2013-09-02,13.62,0.5,0.5,False,1.0,2.0,2.0,4.0,8.0
2013-09-09,14.25,0.5,0.5,False,1.0,2.0,2.0,4.0,8.0
2013-09-16,14.0,0.5,0.5,False,1.0,2.0,2.0,4.0,8.0
2013-09-23,13.75,0.5,0.5,False,1.0,2.0,2.0,4.0,8.0
2013-09-30,12.12,0.5,0.5,False,1.0,2.0,2.0,4.0,8.0
2013-10-07,12.62,0.5,0.5,False,1.0,2.0,2.0,4.0,8.0
2013-10-14,14.25,0.5,0.5,False,1.0,2.0,2.0,4.0,8.0
2013-10-21,15.5,0.75,0.5,False,1.0,2.0,2.0,4.0,8.0
2013-10-28,15.5,0.75,0.75,True,1.5,2.0,2.0,4.0,8.0
2013-11-04,14.0,0.5,0.75,False,1.5,3.0,2.0,4.0,8.0
2013-11-11,12.25,0.5,0.5,True,1.0,3.0,2.0,4.0,8.0
2013-11-18,10.0,0.5,0.5,False,1.0,3.0,2.0,4.0,8.0
2013-11-25,11.75,0.5,0.5,False,1.0,3.0,2.0,4.0,8.0
2013-12-02,11.25,0.5,0.5,False,1.0,2.0,2.0,4.0,8.0
2013-12-09,11.25,0.5,0.5,False,1.0,2.0,2.0,4.0,8.0
2013-12-16,10.38,0.5,0.5,False,1.0,2.0,2.0,4.0,8.0
2013-12-23,10.0,0.5,0.5,False,1.0,2.0,2.0,4.0,8.0
2013-12-30,9.88,0.5,0.5,False,1.0,2.0,2.0,4.0,8.0
2014-01-06,9.5,0.5,0.5,False,1.0,2.0,2.0,4.0,8.0
2014-01-13,9.62,0.5,0.5,False,1.0,2.0,2.0,4.0,8.0
2014-01-20,9.62,0.5,0.5,False,1.0,2.0,2.0,4.0,8.0
2014-01-27,10.62,0.5,0.5,False,1.0,2.0,2.0,4.0,8.0
2014-02-03,14.5,0.5,0.5,False,1.0,2.0,2.0,4.0,8.0
2014-02-10,17.38,0.75,0.5,False,1.0,2.0,2.0,4.0,8.0
2014-02-17,17.5,0.75,0.75,True,1.5,2.0,2.0,4.0,8.0
2014-02-24,19.0,0.75,0.75,False,1.5,2.0,2.0,4.0,8.0
2014-03-03,19.0,0.75,0.75,False,1.5,3.0,2.0,4.0,8.0
2014-03-10,15.25,0.5,0.75,False,1.5,3.0,2.0,4.0,8.0
2014-03-17,14.88,0.5,0.5,True,1.0,3.0,2.0,4.0,8.0
2014-03-24,14.88,0.5,0.5,False,1.0,3.0,2.0,4.0,8.0
2014-03-31,15.12,0.5,0.5,False,1.0,3.0,2.0,4.0,8.0
2014-04-07,14.62,0.5,0.5,False,1.0,2.0,2.0,4.0,8.0
2014-04-14,19.0,0.75,0.5,False,1.0,2.0,2.0,4.0,8.0
2014-04-21,18.75,0.75,0.75,True,1.5,2.0,2.0,4.0,8.0
2014-04-28,14.88,0.5,0.75,False,1.5,2.0,2.0,4.0,8.0
2014-05-05,15.12,0.5,0.5,True,1.0,3.0,2.0,4.0,8.0
2014-05-12,14.25,0.5,0.5,False,1.0,3.0,2.0,4.0,8.0
2014-05-19,13.38,0.5,0.5,False,1.0,3.0,2.0,4.0,8.0
2014-05-26,13.38,0.5,0.5,False,1.0,3.0,2.0,4.0,8.0
2014-06-02,12.25,0.5,0.5,False,1.0,2.0,2.0,4.0,8.0
2014-06-09,10.88,0.5,0.5,False,1.0,2.0,2.0,4.0,8.0
2014-06-16,10.25,0.5,0.5,False,1.0,2.0,2.0,4.0,8.0
2014-06-23,8.75,0.25,0.5,False,1.0,2.0,2.0,4.0,8.0
2014-06-30,10.25,0.5,0.5,False,1.0,2.0,2.0,4.0,8.0
2014-07-07,9.62,0.5,0.5,False,1.0,2.0,2.0,4.0,8.0
2014-07-14,10.12,0.5,0.5,False,1.0,2.0,2.0,4.0,8.0
2014-07-21,10.12,0.5,0.5,False,1.0,2.0,2.0,4.0,8.0
2014-07-28,9.75,0.5,0.5,False,1.0,2.0,2.0,4.0,8.0
2014-08-04,12.88,0.5,0.5,False,1.0,2.0,2.0,4.0,8.0
2014-08-11,17.25,0.75,0.5,False,1.0,2.0,2.0,4.0,8.0
2014-08-18,15.25,0.5,0.5,False,1.0,2.0,2.0,4.0,8.0
2014-08-25,15.25,0.5,0.5,False,1.0,2.0,2.0,4.0,8.0
2014-09-01,9.75,0.5,0.5,False,1.0,2.0,2.0,4.0,8.0
2014-09-08,9.75,0.5,0.5,False,1.0,2.0,2.0,4.0,8.0
2014-09-15,11.12,0.5,0.5,False,1.0,2.0,2.0,4.0,8.0
2014-09-22,12.25,0.5,0.5,False,1.0,2.0,2.0,4.0,8.0
2014-09-29,13.38,0.5,0.5,False,1.0,2.0,2.0,4.0,8.0
2014-10-06,17.0,0.75,0.5,False,1.0,2.0,2.0,4.0,8.0
2014-10-13,19.38,0.75,0.75,True,1.5,2.0,2.0,4.0,8.0
2014-10-20,23.38,1.0,0.75,False,1.5,2.0,2.0,4.0,8.0
2014-10-27,26.0,1.0,1.0,True,2.0,2.0,2.0,4.0,8.0
2014-11-03,24.5,1.0,1.0,False,2.0,4.0,2.0,4.0,8.0
2014-11-10,21.0,0.75,1.0,False,2.0,4.0,2.0,4.0,8.0
2014-11-17,16.0,0.75,0.75,True,1.5,4.0,2.0,4.0,8.0
2014-11-24,13.62,0.5,0.75,False,1.5,4.0,2.0,4.0,8.0
2014-12-01,10.5,0.5,0.5,True,1.0,2.0,2.0,4.0,8.0
2014-12-08,10.25,0.5,0.5,False,1.0,2.0,2.0,4.0,8.0
2014-12-15,13.88,0.5,0.5,False,1.0,2.0,2.0,4.0,8.0
2014-12-22,18.62,0.75,0.5,False,1.0,2.0,2.0,4.0,8.0
2014-12-29,17.88,0.75,0.75,True,1.5,2.0,2.0,4.0,8.0
2015-01-05,20.88,0.75,0.75,False,1.5,3.0,2.0,4.0,8.0
2015-01-12,26.5,1.0,0.75,False,1.5,3.0,2.0,4.0,8.0
2015-01-19,26.38,1.0,1.0,True,2.0,3.0,2.0,4.0,8.0
2015-01-26,26.38,1.0,1.0,False,2.0,3.0,2.0,4.0,8.0
2015-02-02,28.75,1.0,1.0,False,2.0,4.0,2.0,4.0,8.0
2015-02-09,27.25,1.0,1.0,False,2.0,4.0,2.0,4.0,8.0
2015-02-16,23.38,1.0,1.0,False,2.0,4.0,2.0,4.0,8.0
2015-02-23,18.12,0.75,1.0,False,2.0,4.0,2.0,4.0,8.0
2015-03-02,14.5,0.5,0.5,True,1.0,2.0,2.0,4.0,8.0
2015-03-09,13.12,0.5,0.5,False,1.0,2.0,2.0,4.0,8.0
2015-03-16,12.38,0.5,0.5,False,1.0,2.0,2.0,4.0,8.0
2015-03-23,13.75,0.5,0.5,False,1.0,2.0,2.0,4.0,8.0
2015-03-30,14.88,0.5,0.5,False,1.0,2.0,2.0,4.0,8.0
2015-04-06,17.5,0.75,0.5,False,1.0,2.0,2.0,4.0,8.0
2015-04-13,17.25,0.75,0.75,True,1.5,2.0,2.0,4.0,8.0
2015-04-20,16.12,0.75,0.75,False,1.5,2.0,2.0,4.0,8.0
2015-04-27,16.12,0.75,0.75,False,1.5,2.0,2.0,4.0,8.0
2015-05-04,16.25,0.75,0.75,False,1.5,3.0,2.0,4.0,8.0
2015-05-11,16.75,0.75,0.75,False,1.5,3.0,2.0,4.0,8.0
2015-05-18,16.75,0.75,0.75,False,1.5,3.0,2.0,4.0,8.0
2015-05-25,14.62,0.5,0.75,False,1.5,3.0,2.0,4.0,8.0
2015-06-01,14.12,0.5,0.5,True,1.0,2.0,2.0,4.0,8.0
2015-06-08,14.12,0.5,0.5,False,1.0,2.0,2.0,4.0,8.0
2015-06-15,13.75,0.5,0.5,False,1.0,2.0,2.0,4.0,8.0
2015-06-22,16.62,0.75,0.5,False,1.0,2.0,2.0,4.0,8.0
2015-06-29,15.75,0.75,0.75,True,1.5,2.0,2.0,4.0,8.0
2015-07-06,15.0,0.5,0.75,False,1.5,3.0,2.0,4.0,8.0
2015-07-13,16.75,0.75,0.75,False,1.5,3.0,2.0,4.0,8.0
2015-07-20,14.75,0.5,0.75,False,1.5,3.0,2.0,4.0,8.0
2015-07-27,14.75,0.5,0.5,True,1.0,3.0,2.0,4.0,8.0
2015-08-03,14.62,0.5,0.5,False,1.0,2.0,2.0,4.0,8.0
2015-08-10,14.38,0.5,0.5,False,1.0,2.0,2.0,4.0,8.0
2015-08-17,16.0,0.75,0.5,False,1.0,2.0,2.0,4.0,8.0
2015-08-24,16.88,0.75,0.75,True,1.5,2.0,2.0,4.0,8.0
2015-08-31,22.0,1.0,0.75,False,1.5,2.0,2.0,4.0,8.0
2015-09-07,28.75,1.0,1.0,True,2.0,3.0,2.0,4.0,8.0
2015-09-14,30.5,1.0,1.0,False,2.0,3.0,2.0,4.0,8.0
2015-09-21,30.5,1.0,1.0,False,2.0,3.0,2.0,4.0,8.0
2015-09-28,25.5,1.0,1.0,False,2.0,3.0,2.0,4.0,8.0
2015-10-05,26.62,1.0,1.0,False,2.0,4.0,2.0,4.0,8.0
2015-10-12,25.5,1.0,1.0,False,2.0,4.0,2.0,4.0,8.0
2015-10-19,24.38,1.0,1.0,False,2.0,4.0,2.0,4.0,8.0
2015-10-26,22.75,1.0,1.0,False,2.0,4.0,2.0,4.0,8.0
2015-11-02,18.0,0.75,1.0,False,2.0,4.0,2.0,4.0,8.0
2015-11-09,18.38,0.75,0.75,True,1.5,4.0,2.0,4.0,8.0
2015-11-16,18.38,0.75,0.75,False,1.5,4.0,2.0,4.0,8.0
2015-11-23,19.0,0.75,0.75,False,1.5,4.0,2.0,4.0,8.0
2015-11-30,19.0,0.75,0.75,False,1.5,4.0,2.0,4.0,8.0
2015-12-07,20.38,0.75,0.75,False,1.5,3.0,2.0,4.0,8.0
2015-12-14,22.88,1.0,0.75,False,1.5,3.0,2.0,4.0,8.0
2015-12-21,23.88,1.0,1.0,True,2.0,3.0,2.0,4.0,8.0
2015-12-28,23.62,1.0,1.0,False,2.0,3.0,2.0,4.0,8.0
2016-01-04,23.12,1.0,1.0,False,2.0,4.0,2.0,4.0,8.0
2016-01-11,23.62,1.0,1.0,False,2.0,4.0,2.0,4.0,8.0
2016-01-18,24.88,1.0,1.0,False,2.0,4.0,2.0,4.0,8.0
2016-01-25,28.88,1.0,1.0,False,2.0,4.0,2.0,4.0,8.0
2016-02-01,35.5,1.5,1.0,False,2.0,4.0,2.0,4.0,8.0
2016-02-08,37.62,1.5,1.5,True,3.0,4.0,2.0,4.0,8.0
2016-02-15,32.62,1.5,1.5,False,3.0,4.0,2.0,4.0,8.0
2016-02-22,27.88,1.0,1.5,False,3.0,4.0,2.0,4.0,8.0
2016-02-29,27.5,1.0,1.0,True,2.0,4.0,2.0,4.0,8.0
2016-03-07,25.38,1.0,1.0,False,2.0,4.0,2.0,4.0,8.0
2016-03-14,20.0,0.75,1.0,False,2.0,4.0,2.0,4.0,8.0
2016-03-21,18.38,0.75,0.75,True,1.5,4.0,2.0,4.0,8.0
2016-03-28,17.0,0.75,0.75,False,1.5,4.0,2.0,4.0,8.0
2016-04-04,15.75,0.75,0.75,False,1.5,3.0,2.0,4.0,8.0
2016-04-11,14.12,0.5,0.75,False,1.5,3.0,2.0,4.0,8.0
2016-04-18,13.5,0.5,0.5,True,1.0,3.0,2.0,4.0,8.0
2016-04-25,14.88,0.5,0.5,False,1.0,3.0,2.0,4.0,8.0
2016-05-02,16.0,0.75,0.5,False,1.0,2.0,2.0,4.0,8.0
2016-05-09,15.62,0.75,0.75,True,1.5,2.0,2.0,4.0,8.0
2016-05-16,17.0,0.75,0.75,False,1.5,2.0,2.0,4.0,8.0
2016-05-23,18.25,0.75,0.75,False,1.5,2.0,2.0,4.0,8.0
2016-05-30,17.88,0.75,0.75,False,1.5,2.0,2.0,4.0,8.0
2016-06-06,18.12,0.75,0.75,False,1.5,3.0,2.0,4.0,8.0
2016-06-13,15.0,0.5,0.75,False,1.5,3.0,2.0,4.0,8.0
2016-06-20,14.75,0.5,0.5,True,1.0,3.0,2.0,4.0,8.0
2016-06-27,16.0,0.75,0.5,False,1.0,3.0,2.0,4.0,8.0
2016-07-04,17.0,0.75,0.75,True,1.5,2.0,2.0,4.0,8.0
2016-07-11,19.5,0.75,0.75,False,1.5,2.0,2.0,4.0,8.0
2016-07-18,16.0,0.75,0.75,False,1.5,2.0,2.0,4.0,8.0
2016-07-25,14.5,0.5,0.75,False,1.5,2.0,2.0,4.0,8.0
2016-08-01,13.12,0.5,0.5,True,1.0,2.0,2.0,4.0,8.0
2016-08-08,11.75,0.5,0.5,False,1.0,2.0,2.0,4.0,8.0
2016-08-15,11.62,0.5,0.5,False,1.0,2.0,2.0,4.0,8.0
2016-08-22,11.25,0.5,0.5,False,1.0,2.0,2.0,4.0,8.0
2016-08-29,10.0,0.5,0.5,False,1.0,2.0,2.0,4.0,8.0
2016-09-05,10.25,0.5,0.5,False,1.0,2.0,2.0,4.0,8.0
2016-09-12,11.25,0.5,0.5,False,1.0,2.0,2.0,4.0,8.0
2016-09-19,13.0,0.5,0.5,False,1.0,2.0,2.0,4.0,8.0
2016-09-26,13.12,0.5,0.5,False,1.0,2.0,2.0,4.0,8.0
2016-10-03,18.38,0.75,0.5,False,1.0,2.0,2.0,4.0,8.0
2016-10-10,20.12,0.75,0.75,True,1.5,2.0,2.0,4.0,8.0
2016-10-17,17.25,0.75,0.75,False,1.5,2.0,2.0,4.0,8.0
2016-10-24,14.0,0.5,0.75,False,1.5,2.0,2.0,4.0,8.0
2016-10-31,13.5,0.5,0.5,True,1.0,2.0,2.0,4.0,8.0
2016-11-07,14.88,0.5,0.5,False,1.0,2.0,2.0,4.0,8.0
2016-11-14,15.25,0.5,0.5,False,1.0,2.0,2.0,4.0,8.0
2016-11-21,15.38,0.75,0.5,False,1.0,2.0,2.0,4.0,8.0
2016-11-28,15.12,0.5,0.5,False,1.0,2.0,2.0,4.0,8.0
2016-12-05,13.5,0.5,0.5,False,1.0,2.0,2.0,4.0,8.0
2016-12-12,11.62,0.5,0.5,False,1.0,2.0,2.0,4.0,8.0
2016-12-19,12.0,0.5,0.5,False,1.0,2.0,2.0,4.0,8.0
2016-12-26,12.0,0.5,0.5,False,1.0,2.0,2.0,4.0,8.0
2017-01-02,11.62,0.5,0.5,False,1.0,2.0,2.0,4.0,8.0
2017-01-09,12.0,0.5,0.5,False,1.0,2.0,2.0,4.0,8.0
2017-01-16,11.25,0.5,0.5,False,1.0,2.0,2.0,4.0,8.0
2017-01-23,11.25,0.5,0.5,False,1.0,2.0,2.0,4.0,8.0
2017-01-30,12.12,0.5,0.5,False,1.0,2.0,2.0,4.0,8.0
2017-02-06,13.0,0.5,0.5,False,1.0,2.0,2.0,4.0,8.0
2017-02-13,11.0,0.5,0.5,False,1.0,2.0,2.0,4.0,8.0
2017-02-20,12.25,0.5,0.5,False,1.0,2.0,2.0,4.0,8.0
2017-02-27,12.62,0.5,0.5,False,1.0,2.0,2.0,4.0,8.0
2017-03-06,11.25,0.5,0.5,False,1.0,2.0,2.0,4.0,8.0
2017-03-13,12.25,0.5,0.5,False,1.0,2.0,2.0,4.0,8.0
2017-03-20,11.38,0.5,0.5,False,1.0,2.0,2.0,4.0,8.0
2017-03-27,11.75,0.5,0.5,False,1.0,2.0,2.0,4.0,8.0
2017-04-03,12.5,0.5,0.5,False,1.0,2.0,2.0,4.0,8.0
2017-04-10,14.88,0.5,0.5,False,1.0,2.0,2.0,4.0,8.0
2017-04-17,16.12,0.75,0.5,False,1.0,2.0,2.0,4.0,8.0
2017-04-24,16.5,0.75,0.75,True,1.5,2.0,2.0,4.0,8.0
2017-05-01,14.0,0.5,0.75,False,1.5,3.0,2.0,4.0,8.0
2017-05-08,12.12,0.5,0.5,True,1.0,3.0,2.0,4.0,8.0
2017-05-15,11.0,0.5,0.5,False,1.0,3.0,2.0,4.0,8.0
2017-05-22,10.62,0.5,0.5,False,1.0,3.0,2.0,4.0,8.0
2017-05-29,10.25,0.5,0.5,False,1.0,3.0,2.0,4.0,8.0
2017-06-05,10.75,0.5,0.5,False,1.0,2.0,2.0,4.0,8.0
2017-06-12,10.88,0.5,0.5,False,1.0,2.0,2.0,4.0,8.0
2017-06-19,11.38,0.5,0.5,False,1.0,2.0,2.0,4.0,8.0
2017-06-26,11.88,0.5,0.5,False,1.0,2.0,2.0,4.0,8.0
2017-07-03,12.12,0.5,0.5,False,1.0,2.0,2.0,4.0,8.0
2017-07-10,13.0,0.5,0.5,False,1.0,2.0,2.0,4.0,8.0
2017-07-17,13.0,0.5,0.5,False,1.0,2.0,2.0,4.0,8.0
2017-07-24,12.12,0.5,0.5,False,1.0,2.0,2.0,4.0,8.0
2017-07-31,10.12,0.5,0.5,False,1.0,2.0,2.0,4.0,8.0
2017-08-07,9.12,0.5,0.5,False,1.0,2.0,2.0,4.0,8.0
2017-08-14,9.5,0.5,0.5,False,1.0,2.0,2.0,4.0,8.0
2017-08-21,10.12,0.5,0.5,False,1.0,2.0,2.0,4.0,8.0
2017-08-28,12.5,0.5,0.5,False,1.0,2.0,2.0,4.0,8.0
2017-09-04,12.62,0.5,0.5,False,1.0,2.0,2.0,4.0,8.0
2017-09-11,12.12,0.5,0.5,False,1.0,2.0,2.0,4.0,8.0
2017-09-18,11.5,0.5,0.5,False,1.0,2.0,2.0,4.0,8.0
2017-09-25,8.75,0.25,0.5,False,1.0,2.0,2.0,4.0,8.0
2017-10-02,8.25,0.25,0.25,True,0.5,1.0,2.0,4.0,8.0
2017-10-09,8.25,0.25,0.25,False,0.5,1.0,2.0,4.0,8.0
2017-10-16,8.62,0.25,0.25,False,0.5,1.0,2.0,4.0,8.0
2017-10-23,8.62,0.25,0.25,False,0.5,1.0,2.0,4.0,8.0
2017-10-30,7.5,0.25,0.25,False,0.5,1.0,2.0,4.0,8.0
2017-11-06,9.12,0.5,0.25,False,0.5,1.0,2.0,4.0,8.0
2017-11-13,11.5,0.5,0.5,True,1.0,1.0,2.0,4.0,8.0
2017-11-20,13.12,0.5,0.5,False,1.0,1.0,2.0,4.0,8.0
2017-11-27,12.0,0.5,0.5,False,1.0,1.0,2.0,4.0,8.0
2017-12-04,12.38,0.5,0.5,False,1.0,2.0,2.0,4.0,8.0
2017-12-11,13.75,0.5,0.5,False,1.0,2.0,2.0,4.0,8.0
2017-12-18,10.88,0.5,0.5,False,1.0,2.0,2.0,4.0,8.0
2017-12-25,14.5,0.5,0.5,False,1.0,2.0,2.0,4.0,8.0
2018-01-01,10.88,0.5,0.5,False,1.0,2.0,2.0,4.0,8.0
2018-01-08,11.0,0.5,0.5,False,1.0,2.0,2.0,4.0,8.0
2018-01-15,14.38,0.5,0.5,False,1.0,2.0,2.0,4.0,8.0
2018-01-22,14.12,0.5,0.5,False,1.0,2.0,2.0,4.0,8.0
2018-01-29,16.12,0.75,0.5,False,1.0,2.0,2.0,4.0,8.0
2018-02-05,19.5,0.75,0.75,True,1.5,2.0,2.0,4.0,8.0
2018-02-12,26.75,1.0,0.75,False,1.5,2.0,2.0,4.0,8.0
2018-02-19,32.12,1.5,1.5,True,3.0,2.0,2.0,4.0,8.0
2018-02-26,39.0,1.5,1.5,False,3.0,2.0,2.0,4.0,8.0
2018-03-05,48.5,2.0,1.5,False,3.0,6.0,2.0,4.0,8.0
2018-03-12,39.38,1.5,1.5,False,3.0,6.0,2.0,4.0,8.0
2018-03-19,34.38,1.5,1.5,False,3.0,6.0,2.0,4.0,8.0
2018-03-26,34.88,1.5,1.5,False,3.0,6.0,2.0,4.0,8.0
2018-04-02,38.12,1.5,1.5,False,3.0,6.0,2.0,4.0,8.0
2018-04-09,44.62,2.0,1.5,False,3.0,6.0,2.0,4.0,8.0
2018-04-16,44.25,2.0,2.0,True,4.0,6.0,2.0,4.0,8.0
2018-04-23,38.25,1.5,2.0,False,4.0,6.0,2.0,4.0,8.0
2018-04-30,30.62,1.5,1.5,True,3.0,6.0,2.0,4.0,8.0
2018-05-07,29.88,1.0,1.5,False,3.0,6.0,2.0,4.0,8.0
2018-05-14,26.88,1.0,1.0,True,2.0,6.0,2.0,4.0,8.0
2018-05-21,23.88,1.0,1.0,False,2.0,6.0,2.0,4.0,8.0
2018-05-28,21.5,0.75,1.0,False,2.0,6.0,2.0,4.0,8.0
2018-06-04,20.62,0.75,0.75,True,1.5,4.0,2.0,4.0,8.0
2018-06-11,17.0,0.75,0.75,False,1.5,4.0,2.0,4.0,8.0
2018-06-18,16.88,0.75,0.75,False,1.5,4.0,2.0,4.0,8.0
2018-06-25,16.88,0.75,0.75,False,1.5,4.0,2.0,4.0,8.0
2018-07-02,17.88,0.75,0.75,False,1.5,3.0,2.0,4.0,8.0
2018-07-09,22.25,1.0,0.75,False,1.5,3.0,2.0,4.0,8.0
2018-07-16,22.25,1.0,1.0,True,2.0,3.0,2.0,4.0,8.0
2018-07-23,18.12,0.75,1.0,False,2.0,3.0,2.0,4.0,8.0
2018-07-30,16.88,0.75,0.75,True,1.5,3.0,2.0,4.0,8.0
2018-08-06,15.0,0.5,0.75,False,1.5,3.0,2.0,4.0,8.0
2018-08-13,15.0,0.5,0.5,True,1.0,3.0,2.0,4.0,8.0
2018-08-20,17.5,0.75,0.5,False,1.0,3.0,2.0,4.0,8.0
2018-08-27,16.62,0.75,0.75,True,1.5,3.0,2.0,4.0,8.0
2018-09-03,15.38,0.75,0.75,False,1.5,3.0,2.0,4.0,8.0
2018-09-10,16.88,0.75,0.75,False,1.5,3.0,2.0,4.0,8.0
2018-09-17,15.25,0.5,0.75,False,1.5,3.0,2.0,4.0,8.0
2018-09-24,15.62,0.75,0.75,False,1.5,3.0,2.0,4.0,8.0
2018-10-01,15.62,0.75,0.75,False,1.5,3.0,2.0,4.0,8.0
2018-10-08,15.12,0.5,0.75,False,1.5,3.0,2.0,4.0,8.0
2018-10-15,19.38,0.75,0.75,False,1.5,3.0,2.0,4.0,8.0
2018-10-22,28.12,1.0,0.75,False,1.5,3.0,2.0,4.0,8.0
2018-10-29,39.5,1.5,1.5,True,3.0,3.0,2.0,4.0,8.0
2018-11-05,49.25,2.0,1.5,False,3.0,6.0,2.0,4.0,8.0
2018-11-12,39.5,1.5,1.5,False,3.0,6.0,2.0,4.0,8.0
2018-11-19,46.0,2.0,1.5,False,3.0,6.0,2.0,4.0,8.0
2018-11-26,39.88,1.5,1.5,False,3.0,6.0,2.0,4.0,8.0
2018-12-03,33.38,1.5,1.5,False,3.0,6.0,2.0,4.0,8.0
2018-12-10,37.25,1.5,1.5,False,3.0,6.0,2.0,4.0,8.0
2018-12-17,37.62,1.5,1.5,False,3.0,6.0,2.0,4.0,8.0
2018-12-24,50.5,2.0,1.5,False,3.0,6.0,2.0,4.0,8.0
2018-12-31,68.0,2.5,2.5,True,5.0,6.0,2.0,4.0,8.0
2019-01-07,63.0,2.5,2.5,False,5.0,10.0,2.0,4.0,8.0
2019-01-14,50.25,2.0,2.5,False,5.0,10.0,2.0,4.0,8.0
2019-01-21,41.5,1.5,1.5,True,3.0,10.0,2.0,4.0,8.0
2019-01-28,35.25,1.5,1.5,False,3.0,10.0,2.0,4.0,8.0
2019-02-04,29.5,1.0,1.5,False,3.0,6.0,2.0,4.0,8.0
2019-02-11,24.25,1.0,1.0,True,2.0,6.0,2.0,4.0,8.0
2019-02-18,21.75,1.0,1.0,False,2.0,6.0,2.0,4.0,8.0
2019-02-25,20.62,0.75,1.0,False,2.0,6.0,2.0,4.0,8.0
2019-03-04,18.25,0.75,0.75,True,1.5,4.0,2.0,4.0,8.0
2019-03-11,19.88,0.75,0.75,False,1.5,4.0,2.0,4.0,8.0
2019-03-18,19.12,0.75,0.75,False,1.5,4.0,2.0,4.0,8.0
2019-03-25,21.12,0.75,0.75,False,1.5,4.0,2.0,4.0,8.0
2019-04-01,24.12,1.0,0.75,False,1.5,3.0,2.0,4.0,8.0
2019-04-08,20.62,0.75,0.75,False,1.5,3.0,2.0,4.0,8.0
2019-04-15,17.38,0.75,0.75,False,1.5,3.0,2.0,4.0,8.0
2019-04-22,16.0,0.75,0.75,False,1.5,3.0,2.0,4.0,8.0
2019-04-29,15.12,0.5,0.75,False,1.5,3.0,2.0,4.0,8.0
2019-05-06,15.5,0.75,0.75,False,1.5,3.0,2.0,4.0,8.0
2019-05-13,23.62,1.0,0.75,False,1.5,3.0,2.0,4.0,8.0
2019-05-20,31.62,1.5,1.5,True,3.0,3.0,2.0,4.0,8.0
2019-05-27,31.62,1.5,1.5,False,3.0,3.0,2.0,4.0,8.0
2019-06-03,29.62,1.0,1.5,False,3.0,6.0,2.0,4.0,8.0
2019-06-10,30.62,1.5,1.5,False,3.0,6.0,2.0,4.0,8.0
2019-06-17,24.88,1.0,1.5,False,3.0,6.0,2.0,4.0,8.0
2019-06-24,24.38,1.0,1.0,True,2.0,6.0,2.0,4.0,8.0
2019-07-01,20.62,0.75,1.0,False,2.0,4.0,2.0,4.0,8.0
2019-07-08,19.62,0.75,0.75,True,1.5,4.0,2.0,4.0,8.0
2019-07-15,18.75,0.75,0.75,False,1.5,4.0,2.0,4.0,8.0
2019-07-22,18.75,0.75,0.75,False,1.5,4.0,2.0,4.0,8.0
2019-07-29,18.75,0.75,0.75,False,1.5,4.0,2.0,4.0,8.0
2019-08-05,18.5,0.75,0.75,False,1.5,3.0,2.0,4.0,8.0
2019-08-12,24.5,1.0,0.75,False,1.5,3.0,2.0,4.0,8.0
2019-08-19,34.25,1.5,1.5,True,3.0,3.0,2.0,4.0,8.0
2019-08-26,36.12,1.5,1.5,False,3.0,3.0,2.0,4.0,8.0
2019-09-02,36.12,1.5,1.5,False,3.0,6.0,2.0,4.0,8.0
2019-09-09,29.12,1.0,1.5,False,3.0,6.0,2.0,4.0,8.0
2019-09-16,23.88,1.0,1.0,True,2.0,6.0,2.0,4.0,8.0
2019-09-23,23.0,1.0,1.0,False,2.0,6.0,2.0,4.0,8.0
2019-09-30,22.25,1.0,1.0,False,2.0,6.0,2.0,4.0,8.0
2019-10-07,25.25,1.0,1.0,False,2.0,4.0,2.0,4.0,8.0
2019-10-14,31.25,1.5,1.0,False,2.0,4.0,2.0,4.0,8.0
2019-10-21,27.12,1.0,1.0,False,2.0,4.0,2.0,4.0,8.0
2019-10-28,24.62,1.0,1.0,False,2.0,4.0,2.0,4.0,8.0
2019-11-04,21.38,0.75,1.0,False,2.0,4.0,2.0,4.0,8.0
2019-11-11,15.62,0.75,0.75,True,1.5,4.0,2.0,4.0,8.0
2019-11-18,15.75,0.75,0.75,False,1.5,4.0,2.0,4.0,8.0
2019-11-25,15.38,0.75,0.75,False,1.5,4.0,2.0,4.0,8.0
2019-12-02,14.5,0.5,0.75,False,1.5,3.0,2.0,4.0,8.0
2019-12-09,15.75,0.75,0.75,False,1.5,3.0,2.0,4.0,8.0
2019-12-16,15.62,0.75,0.75,False,1.5,3.0,2.0,4.0,8.0
2019-12-23,13.75,0.5,0.75,False,1.5,3.0,2.0,4.0,8.0
2019-12-30,13.62,0.5,0.5,True,1.0,3.0,2.0,4.0,8.0
2020-01-06,13.88,0.5,0.5,False,1.0,2.0,2.0,4.0,8.0
2020-01-13,14.62,0.5,0.5,False,1.0,2.0,2.0,4.0,8.0
2020-01-20,16.62,0.75,0.5,False,1.0,2.0,2.0,4.0,8.0
2020-01-27,18.75,0.75,0.75,True,1.5,2.0,2.0,4.0,8.0
2020-02-03,22.75,1.0,0.75,False,1.5,3.0,2.0,4.0,8.0
2020-02-10,22.75,1.0,1.0,True,2.0,3.0,2.0,4.0,8.0
2020-02-17,23.62,1.0,1.0,False,2.0,3.0,2.0,4.0,8.0
2020-02-24,24.5,1.0,1.0,False,2.0,3.0,2.0,4.0,8.0
2020-03-02,27.62,1.0,1.0,False,2.0,4.0,2.0,4.0,8.0
2020-03-09,48.0,2.0,2.0,True,4.0,4.0,2.0,4.0,8.0
2020-03-16,105.0,4.0,4.0,True,8.0,4.0,2.0,4.0,8.0
2020-03-23,139.12,6.0,6.0,True,12.0,4.0,2.0,4.0,8.0
2020-03-30,149.62,6.0,6.0,False,12.0,4.0,2.0,4.0,8.0
2020-04-06,130.12,5.0,6.0,False,12.0,24.0,2.0,4.0,8.0
2020-04-13,104.12,4.0,4.0,True,8.0,24.0,2.0,4.0,8.0
2020-04-20,85.62,3.0,4.0,False,8.0,24.0,2.0,4.0,8.0
2020-04-27,60.5,2.5,2.5,True,5.0,24.0,2.0,4.0,8.0
2020-05-04,50.88,2.0,2.5,False,5.0,10.0,2.0,4.0,8.0
2020-05-11,45.5,2.0,2.0,True,4.0,10.0,2.0,4.0,8.0
2020-05-18,46.62,2.0,2.0,False,4.0,10.0,2.0,4.0,8.0
2020-05-25,42.12,1.5,2.0,False,4.0,10.0,2.0,4.0,8.0
2020-06-01,43.38,2.0,2.0,False,4.0,8.0,2.0,4.0,8.0
2020-06-08,41.38,1.5,2.0,False,4.0,8.0,2.0,4.0,8.0
2020-06-15,40.62,1.5,1.5,True,3.0,8.0,2.0,4.0,8.0
2020-06-22,40.38,1.5,1.5,False,3.0,8.0,2.0,4.0,8.0
2020-06-29,41.75,1.5,1.5,False,3.0,8.0,2.0,4.0,8.0
2020-07-06,49.25,2.0,1.5,False,3.0,6.0,2.0,4.0,8.0
2020-07-13,53.25,2.0,2.0,True,4.0,6.0,2.0,4.0,8.0
2020-07-20,47.25,2.0,2.0,False,4.0,6.0,2.0,4.0,8.0
2020-07-27,42.0,1.5,2.0,False,4.0,6.0,2.0,4.0,8.0
2020-08-03,37.38,1.5,1.5,True,3.0,6.0,2.0,4.0,8.0
2020-08-10,29.12,1.0,1.5,False,3.0,6.0,2.0,4.0,8.0
2020-08-17,28.25,1.0,1.0,True,2.0,6.0,2.0,4.0,8.0
2020-08-24,27.38,1.0,1.0,False,2.0,6.0,2.0,4.0,8.0
2020-08-31,25.0,1.0,1.0,False,2.0,6.0,2.0,4.0,8.0
2020-09-07,28.62,1.0,1.0,False,2.0,4.0,2.0,4.0,8.0
2020-09-14,34.12,1.5,1.0,False,2.0,4.0,2.0,4.0,8.0
2020-09-21,41.38,1.5,1.5,True,3.0,4.0,2.0,4.0,8.0
2020-09-28,53.5,2.0,1.5,False,3.0,4.0,2.0,4.0,8.0
2020-10-05,52.88,2.0,2.0,True,4.0,6.0,2.0,4.0,8.0
2020-10-12,46.62,2.0,2.0,False,4.0,6.0,2.0,4.0,8.0
2020-10-19,48.12,2.0,2.0,False,4.0,6.0,2.0,4.0,8.0
2020-10-26,38.5,1.5,2.0,False,4.0,6.0,2.0,4.0,8.0
2020-11-02,44.62,2.0,2.0,False,4.0,8.0,2.0,4.0,8.0
2020-11-09,48.88,2.0,2.0,False,4.0,8.0,2.0,4.0,8.0
2020-11-16,48.75,2.0,2.0,False,4.0,8.0,2.0,4.0,8.0
2020-11-23,48.62,2.0,2.0,False,4.0,8.0,2.0,4.0,8.0
2020-11-30,41.5,1.5,2.0,False,4.0,8.0,2.0,4.0,8.0
2020-12-07,37.62,1.5,1.5,True,3.0,8.0,2.0,4.0,8.0
2020-12-14,32.38,1.5,1.5,False,3.0,8.0,2.0,4.0,8.0
2020-12-21,29.5,1.0,1.5,False,3.0,8.0,2.0,4.0,8.0
2020-12-28,27.38,1.0,1.0,True,2.0,8.0,2.0,4.0,8.0
2021-01-04,29.12,1.0,1.0,False,2.0,4.0,2.0,4.0,8.0
2021-01-11,34.88,1.5,1.0,False,2.0,4.0,2.0,4.0,8.0
2021-01-18,33.5,1.5,1.5,True,3.0,4.0,2.0,4.0,8.0
2021-01-25,31.25,1.5,1.5,False,3.0,4.0,2.0,4.0,8.0
2021-02-01,39.62,1.5,1.5,False,3.0,6.0,2.0,4.0,8.0
2021-02-08,35.25,1.5,1.5,False,3.0,6.0,2.0,4.0,8.0
2021-02-15,35.62,1.5,1.5,False,3.0,6.0,2.0,4.0,8.0
2021-02-22,34.38,1.5,1.5,False,3.0,6.0,2.0,4.0,8.0
2021-03-01,35.62,1.5,1.5,False,3.0,6.0,2.0,4.0,8.0
2021-03-08,38.0,1.5,1.5,False,3.0,6.0,2.0,4.0,8.0
2021-03-15,42.75,1.5,1.5,False,3.0,6.0,2.0,4.0,8.0
2021-03-22,51.25,2.0,1.5,False,3.0,6.0,2.0,4.0,8.0
2021-03-29,48.25,2.0,2.0,True,4.0,6.0,2.0,4.0,8.0
2021-04-05,45.25,2.0,2.0,False,4.0,8.0,2.0,4.0,8.0
2021-04-12,37.88,1.5,2.0,False,4.0,8.0,2.0,4.0,8.0
2021-04-19,29.12,1.0,1.0,True,2.0,8.0,2.0,4.0,8.0
2021-04-26,28.5,1.0,1.0,False,2.0,8.0,2.0,4.0,8.0
2021-05-03,24.75,1.0,1.0,False,2.0,4.0,2.0,4.0,8.0
2021-05-10,28.38,1.0,1.0,False,2.0,4.0,2.0,4.0,8.0
2021-05-17,43.25,1.5,1.0,False,2.0,4.0,2.0,4.0,8.0
2021-05-24,43.0,1.5,1.5,True,3.0,4.0,2.0,4.0,8.0
2021-05-31,40.5,1.5,1.5,False,3.0,4.0,2.0,4.0,8.0
2021-06-07,37.0,1.5,1.5,False,3.0,6.0,2.0,4.0,8.0
2021-06-14,30.62,1.5,1.5,False,3.0,6.0,2.0,4.0,8.0
2021-06-21,26.12,1.0,1.5,False,3.0,6.0,2.0,4.0,8.0
2021-06-28,22.88,1.0,1.0,True,2.0,6.0,2.0,4.0,8.0
2021-07-05,19.38,0.75,1.0,False,2.0,4.0,2.0,4.0,8.0
2021-07-12,25.5,1.0,1.0,False,2.0,4.0,2.0,4.0,8.0
2021-07-19,28.12,1.0,1.0,False,2.0,4.0,2.0,4.0,8.0
2021-07-26,28.12,1.0,1.0,False,2.0,4.0,2.0,4.0,8.0
2021-08-02,30.12,1.0,1.0,False,2.0,4.0,2.0,4.0,8.0
2021-08-09,27.25,1.0,1.0,False,2.0,4.0,2.0,4.0,8.0
2021-08-16,21.75,1.0,1.0,False,2.0,4.0,2.0,4.0,8.0
2021-08-23,24.38,1.0,1.0,False,2.0,4.0,2.0,4.0,8.0
2021-08-30,26.5,1.0,1.0,False,2.0,4.0,2.0,4.0,8.0
2021-09-06,22.62,1.0,1.0,False,2.0,4.0,2.0,4.0,8.0
2021-09-13,27.62,1.0,1.0,False,2.0,4.0,2.0,4.0,8.0
2021-09-20,29.88,1.0,1.0,False,2.0,4.0,2.0,4.0,8.0
2021-09-27,41.12,1.5,1.0,False,2.0,4.0,2.0,4.0,8.0
2021-10-04,48.75,2.0,2.0,True,4.0,4.0,2.0,4.0,8.0
2021-10-11,50.12,2.0,2.0,False,4.0,4.0,2.0,4.0,8.0
2021-10-18,49.25,2.0,2.0,False,4.0,4.0,2.0,4.0,8.0
2021-10-25,38.62,1.5,2.0,False,4.0,4.0,2.0,4.0,8.0
2021-11-01,35.12,1.5,1.5,True,3.0,6.0,2.0,4.0,8.0
2021-11-08,33.12,1.5,1.5,False,3.0,6.0,2.0,4.0,8.0
2021-11-15,31.38,1.5,1.5,False,3.0,6.0,2.0,4.0,8.0
2021-11-22,31.38,1.5,1.5,False,3.0,6.0,2.0,4.0,8.0
2021-11-29,37.12,1.5,1.5,False,3.0,6.0,2.0,4.0,8.0
2021-12-06,41.12,1.5,1.5,False,3.0,6.0,2.0,4.0,8.0
2021-12-13,44.88,2.0,1.5,False,3.0,6.0,2.0,4.0,8.0
2021-12-20,59.12,2.5,2.5,True,5.0,6.0,2.0,4.0,8.0
2021-12-27,60.88,2.5,2.5,False,5.0,6.0,2.0,4.0,8.0
2022-01-03,44.62,2.0,2.5,False,5.0,10.0,2.0,4.0,8.0
2022-01-10,44.88,2.0,2.0,True,4.0,10.0,2.0,4.0,8.0
2022-01-17,48.88,2.0,2.0,False,4.0,10.0,2.0,4.0,8.0
2022-01-24,49.5,2.0,2.0,False,4.0,10.0,2.0,4.0,8.0
2022-01-31,87.0,4.0,4.0,True,8.0,10.0,2.0,4.0,8.0
2022-02-07,91.12,4.0,4.0,False,8.0,16.0,2.0,4.0,8.0
2022-02-14,95.88,4.0,4.0,False,8.0,16.0,2.0,4.0,8.0
2022-02-21,73.12,3.0,4.0,False,8.0,16.0,2.0,4.0,8.0
2022-02-28,73.12,3.0,3.0,True,6.0,16.0,2.0,4.0,8.0
2022-03-07,74.75,3.0,3.0,False,6.0,12.0,2.0,4.0,8.0
2022-03-14,78.0,3.0,3.0,False,6.0,12.0,2.0,4.0,8.0
2022-03-21,86.12,3.0,3.0,False,6.0,12.0,2.0,4.0,8.0
2022-03-28,76.75,3.0,3.0,False,6.0,12.0,2.0,4.0,8.0
2022-04-04,64.0,2.5,3.0,False,6.0,12.0,2.0,4.0,8.0
2022-04-11,57.75,2.5,2.5,True,5.0,12.0,2.0,4.0,8.0
2022-04-18,56.75,2.5,2.5,False,5.0,12.0,2.0,4.0,8.0
2022-04-25,57.62,2.5,2.5,False,5.0,12.0,2.0,4.0,8.0
2022-05-02,76.0,3.0,2.5,False,5.0,10.0,2.0,4.0,8.0
2022-05-09,91.25,4.0,4.0,True,8.0,10.0,2.0,4.0,8.0
2022-05-16,103.5,4.0,4.0,False,8.0,10.0,2.0,4.0,8.0
2022-05-23,103.5,4.0,4.0,False,8.0,10.0,2.0,4.0,8.0
2022-05-30,88.62,4.0,4.0,False,8.0,10.0,2.0,4.0,8.0
2022-06-06,84.25,3.0,4.0,False,8.0,16.0,2.0,4.0,8.0
2022-06-13,76.38,3.0,3.0,True,6.0,16.0,2.0,4.0,8.0
2022-06-20,77.0,3.0,3.0,False,6.0,16.0,2.0,4.0,8.0
2022-06-27,75.62,3.0,3.0,False,6.0,16.0,2.0,4.0,8.0
2022-07-04,73.12,3.0,3.0,False,6.0,12.0,2.0,4.0,8.0
2022-07-11,73.12,3.0,3.0,False,6.0,12.0,2.0,4.0,8.0
2022-07-18,70.75,3.0,3.0,False,6.0,12.0,2.0,4.0,8.0
2022-07-25,73.5,3.0,3.0,False,6.0,12.0,2.0,4.0,8.0
2022-08-01,72.25,3.0,3.0,False,6.0,12.0,2.0,4.0,8.0
2022-08-08,62.75,2.5,3.0,False,6.0,12.0,2.0,4.0,8.0
2022-08-15,58.25,2.5,2.5,True,5.0,12.0,2.0,4.0,8.0
2022-08-22,49.5,2.0,2.5,False,5.0,12.0,2.0,4.0,8.0
2022-08-29,48.88,2.0,2.0,True,4.0,12.0,2.0,4.0,8.0
2022-09-05,49.62,2.0,2.0,False,4.0,8.0,2.0,4.0,8.0
2022-09-12,53.12,2.0,2.0,False,4.0,8.0,2.0,4.0,8.0
2022-09-19,56.5,2.5,2.0,False,4.0,8.0,2.0,4.0,8.0
2022-09-26,66.62,2.5,2.5,True,5.0,8.0,2.0,4.0,8.0
2022-10-03,72.75,3.0,2.5,False,5.0,10.0,2.0,4.0,8.0
2022-10-10,74.0,3.0,3.0,True,6.0,10.0,2.0,4.0,8.0
2022-10-17,75.25,3.0,3.0,False,6.0,10.0,2.0,4.0,8.0
2022-10-24,80.88,3.0,3.0,False,6.0,10.0,2.0,4.0,8.0
2022-10-31,72.25,3.0,3.0,False,6.0,10.0,2.0,4.0,8.0
2022-11-07,71.0,3.0,3.0,False,6.0,12.0,2.0,4.0,8.0
2022-11-14,71.0,3.0,3.0,False,6.0,12.0,2.0,4.0,8.0
2022-11-21,65.25,2.5,3.0,False,6.0,12.0,2.0,4.0,8.0
2022-11-28,53.88,2.0,2.0,True,4.0,12.0,2.0,4.0,8.0
2022-12-05,54.5,2.0,2.0,False,4.0,8.0,2.0,4.0,8.0
2022-12-12,49.5,2.0,2.0,False,4.0,8.0,2.0,4.0,8.0
2022-12-19,55.62,2.0,2.0,False,4.0,8.0,2.0,4.0,8.0
2022-12-26,56.75,2.5,2.0,False,4.0,8.0,2.0,4.0,8.0
2023-01-02,56.0,2.5,2.5,True,5.0,10.0,2.0,4.0,8.0
2023-01-09,56.0,2.5,2.5,False,5.0,10.0,2.0,4.0,8.0
2023-01-16,56.75,2.5,2.5,False,5.0,10.0,2.0,4.0,8.0
2023-01-23,56.12,2.5,2.5,False,5.0,10.0,2.0,4.0,8.0
2023-01-30,56.12,2.5,2.5,False,5.0,10.0,2.0,4.0,8.0
2023-02-06,58.25,2.5,2.5,False,5.0,10.0,2.0,4.0,8.0
2023-02-13,56.62,2.5,2.5,False,5.0,10.0,2.0,4.0,8.0
2023-02-20,49.12,2.0,2.5,False,5.0,10.0,2.0,4.0,8.0
2023-02-27,48.38,2.0,2.0,True,4.0,10.0,2.0,4.0,8.0
2023-03-06,47.38,2.0,2.0,False,4.0,8.0,2.0,4.0,8.0
2023-03-13,47.12,2.0,2.0,False,4.0,8.0,2.0,4.0,8.0
2023-03-20,57.12,2.5,2.0,False,4.0,8.0,2.0,4.0,8.0
2023-03-27,62.12,2.5,2.5,True,5.0,8.0,2.0,4.0,8.0
2023-04-03,59.62,2.5,2.5,False,5.0,10.0,2.0,4.0,8.0
2023-04-10,50.38,2.0,2.5,False,5.0,10.0,2.0,4.0,8.0
2023-04-17,41.25,1.5,1.5,True,3.0,10.0,2.0,4.0,8.0
2023-04-24,32.12,1.5,1.5,False,3.0,10.0,2.0,4.0,8.0
2023-05-01,38.88,1.5,1.5,False,3.0,6.0,2.0,4.0,8.0
2023-05-08,40.0,1.5,1.5,False,3.0,6.0,2.0,4.0,8.0
2023-05-15,35.38,1.5,1.5,False,3.0,6.0,2.0,4.0,8.0
2023-05-22,43.62,2.0,1.5,False,3.0,6.0,2.0,4.0,8.0
2023-05-29,37.0,1.5,1.5,False,3.0,6.0,2.0,4.0,8.0
2023-06-05,38.25,1.5,1.5,False,3.0,6.0,2.0,4.0,8.0
2023-06-12,36.75,1.5,1.5,False,3.0,6.0,2.0,4.0,8.0
2023-06-19,37.88,1.5,1.5,False,3.0,6.0,2.0,4.0,8.0
2023-06-26,36.62,1.5,1.5,False,3.0,6.0,2.0,4.0,8.0
2023-07-03,33.62,1.5,1.5,False,3.0,6.0,2.0,4.0,8.0
2023-07-10,32.25,1.5,1.5,False,3.0,6.0,2.0,4.0,8.0
2023-07-17,30.88,1.5,1.5,False,3.0,6.0,2.0,4.0,8.0
2023-07-24,29.88,1.0,1.5,False,3.0,6.0,2.0,4.0,8.0
2023-07-31,29.5,1.0,1.0,True,2.0,6.0,2.0,4.0,8.0
2023-08-07,29.5,1.0,1.0,False,2.0,4.0,2.0,4.0,8.0
2023-08-14,34.38,1.5,1.0,False,2.0,4.0,2.0,4.0,8.0
2023-08-21,39.12,1.5,1.5,True,3.0,4.0,2.0,4.0,8.0
2023-08-28,43.62,2.0,1.5,False,3.0,4.0,2.0,4.0,8.0
2023-09-04,43.62,2.0,2.0,True,4.0,6.0,2.0,4.0,8.0
2023-09-11,42.12,1.5,2.0,False,4.0,6.0,2.0,4.0,8.0
2023-09-18,35.5,1.5,1.5,True,3.0,6.0,2.0,4.0,8.0
2023-09-25,33.12,1.5,1.5,False,3.0,6.0,2.0,4.0,8.0
2023-10-02,38.5,1.5,1.5,False,3.0,6.0,2.0,4.0,8.0
2023-10-09,44.62,2.0,1.5,False,3.0,6.0,2.0,4.0,8.0
2023-10-16,49.12,2.0,2.0,True,4.0,6.0,2.0,4.0,8.0
2023-10-23,54.88,2.0,2.0,False,4.0,6.0,2.0,4.0,8.0
2023-10-30,56.25,2.5,2.0,False,4.0,6.0,2.0,4.0,8.0
2023-11-06,52.12,2.0,2.0,False,4.0,8.0,2.0,4.0,8.0
2023-11-13,49.5,2.0,2.0,False,4.0,8.0,2.0,4.0,8.0
2023-11-20,42.38,1.5,2.0,False,4.0,8.0,2.0,4.0,8.0
2023-11-27,33.12,1.5,1.5,True,3.0,8.0,2.0,4.0,8.0
2023-12-04,30.25,1.0,1.5,False,3.0,6.0,2.0,4.0,8.0
2023-12-11,27.62,1.0,1.0,True,2.0,6.0,2.0,4.0,8.0
2023-12-18,27.75,1.0,1.0,False,2.0,6.0,2.0,4.0,8.0
2023-12-25,35.12,1.5,1.0,False,2.0,6.0,2.0,4.0,8.0
2024-01-01,31.5,1.5,1.5,True,3.0,6.0,2.0,4.0,8.0
2024-01-08,33.75,1.5,1.5,False,3.0,6.0,2.0,4.0,8.0
2024-01-15,36.38,1.5,1.5,False,3.0,6.0,2.0,4.0,8.0
2024-01-22,36.75,1.5,1.5,False,3.0,6.0,2.0,4.0,8.0
2024-01-29,36.25,1.5,1.5,False,3.0,6.0,2.0,4.0,8.0
2024-02-05,37.25,1.5,1.5,False,3.0,6.0,2.0,4.0,8.0
2024-02-12,33.25,1.5,1.5,False,3.0,6.0,2.0,4.0,8.0
2024-02-19,34.0,1.5,1.5,False,3.0,6.0,2.0,4.0,8.0
2024-02-26,39.5,1.5,1.5,False,3.0,6.0,2.0,4.0,8.0
2024-03-04,37.0,1.5,1.5,False,3.0,6.0,2.0,4.0,8.0
2024-03-11,38.25,1.5,1.5,False,3.0,6.0,2.0,4.0,8.0
2024-03-18,38.25,1.5,1.5,False,3.0,6.0,2.0,4.0,8.0
2024-03-25,35.5,1.5,1.5,False,3.0,6.0,2.0,4.0,8.0
2024-04-01,35.5,1.5,1.5,False,3.0,6.0,2.0,4.0,8.0
2024-04-08,34.12,1.5,1.5,False,3.0,6.0,2.0,4.0,8.0
2024-04-15,34.5,1.5,1.5,False,3.0,6.0,2.0,4.0,8.0
2024-04-22,43.0,1.5,1.5,False,3.0,6.0,2.0,4.0,8.0
2024-04-29,61.25,2.5,2.5,True,5.0,6.0,2.0,4.0,8.0
2024-05-06,65.25,2.5,2.5,False,5.0,10.0,2.0,4.0,8.0
2024-05-13,46.75,2.0,2.5,False,5.0,10.0,2.0,4.0,8.0
2024-05-20,37.88,1.5,1.5,True,3.0,10.0,2.0,4.0,8.0
2024-05-27,34.0,1.5,1.5,False,3.0,10.0,2.0,4.0,8.0
2024-06-03,33.25,1.5,1.5,False,3.0,6.0,2.0,4.0,8.0
2024-06-10,34.5,1.5,1.5,False,3.0,6.0,2.0,4.0,8.0
2024-06-17,37.75,1.5,1.5,False,3.0,6.0,2.0,4.0,8.0
2024-06-24,38.5,1.5,1.5,False,3.0,6.0,2.0,4.0,8.0
2024-07-01,40.5,1.5,1.5,False,3.0,6.0,2.0,4.0,8.0
2024-07-08,36.12,1.5,1.5,False,3.0,6.0,2.0,4.0,8.0
2024-07-15,36.12,1.5,1.5,False,3.0,6.0,2.0,4.0,8.0
2024-07-22,40.0,1.5,1.5,False,3.0,6.0,2.0,4.0,8.0
2024-07-29,51.5,2.0,1.5,False,3.0,6.0,2.0,4.0,8.0
2024-08-05,59.0,2.5,2.5,True,5.0,6.0,2.0,4.0,8.0
2024-08-12,74.12,3.0,2.5,False,5.0,6.0,2.0,4.0,8.0
2024-08-19,60.12,2.5,2.5,False,5.0,6.0,2.0,4.0,8.0
2024-08-26,59.75,2.5,2.5,False,5.0,6.0,2.0,4.0,8.0
2024-09-02,59.5,2.5,2.5,False,5.0,10.0,2.0,4.0,8.0
2024-09-09,58.5,2.5,2.5,False,5.0,10.0,2.0,4.0,8.0
2024-09-16,58.5,2.5,2.5,False,5.0,10.0,2.0,4.0,8.0
2024-09-23,58.88,2.5,2.5,False,5.0,10.0,2.0,4.0,8.0
2024-09-30,50.25,2.0,2.5,False,5.0,10.0,2.0,4.0,8.0
2024-10-07,49.12,2.0,2.0,True,4.0,10.0,2.0,4.0,8.0
2024-10-14,46.62,2.0,2.0,False,4.0,10.0,2.0,4.0,8.0
2024-10-21,44.62,2.0,2.0,False,4.0,10.0,2.0,4.0,8.0
2024-10-28,45.25,2.0,2.0,False,4.0,10.0,2.0,4.0,8.0
2024-11-04,44.25,2.0,2.0,False,4.0,8.0,2.0,4.0,8.0
2024-11-11,44.5,2.0,2.0,False,4.0,8.0,2.0,4.0,8.0
2024-11-18,46.5,2.0,2.0,False,4.0,8.0,2.0,4.0,8.0
2024-11-25,48.5,2.0,2.0,False,4.0,8.0,2.0,4.0,8.0
2024-12-02,48.5,2.0,2.0,False,4.0,8.0,2.0,4.0,8.0
2024-12-09,38.88,1.5,2.0,False,4.0,8.0,2.0,4.0,8.0
2024-12-16,36.12,1.5,1.5,True,3.0,8.0,2.0,4.0,8.0
2024-12-23,31.75,1.5,1.5,False,3.0,8.0,2.0,4.0,8.0
2024-12-30,36.62,1.5,1.5,False,3.0,8.0,2.0,4.0,8.0
2025-01-06,50.75,2.0,1.5,False,3.0,6.0,2.0,4.0,8.0
2025-01-13,63.62,2.5,2.5,True,5.0,6.0,2.0,4.0,8.0
2025-01-20,66.25,2.5,2.5,False,5.0,6.0,2.0,4.0,8.0
2025-01-27,60.0,2.5,2.5,False,5.0,6.0,2.0,4.0,8.0
2025-02-03,57.25,2.5,2.5,False,5.0,10.0,2.0,4.0,8.0
2025-02-10,51.38,2.0,2.5,False,5.0,10.0,2.0,4.0,8.0
2025-02-17,49.88,2.0,2.0,True,4.0,10.0,2.0,4.0,8.0
2025-02-24,51.38,2.0,2.0,False,4.0,10.0,2.0,4.0,8.0
2025-03-03,63.25,2.5,2.0,False,4.0,8.0,2.0,4.0,8.0
2025-03-10,80.12,3.0,3.0,True,6.0,8.0,2.0,4.0,8.0
2025-03-17,98.0,4.0,3.0,False,6.0,8.0,2.0,4.0,8.0
2025-03-24,94.75,4.0,4.0,True,8.0,8.0,2.0,4.0,8.0
2025-03-31,94.62,4.0,4.0,False,8.0,8.0,2.0,4.0,8.0
2025-04-07,94.5,4.0,4.0,False,8.0,16.0,2.0,4.0,8.0
2025-04-14,103.38,4.0,4.0,False,8.0,16.0,2.0,4.0,8.0
2025-04-21,113.0,5.0,4.0,False,8.0,16.0,2.0,4.0,8.0
2025-04-28,125.0,5.0,5.0,True,10.0,16.0,2.0,4.0,8.0
2025-05-05,118.75,5.0,5.0,False,10.0,20.0,2.0,4.0,8.0
2025-05-12,82.88,3.0,3.0,True,6.0,20.0,2.0,4.0,8.0
2025-05-19,67.12,2.5,3.0,False,6.0,20.0,2.0,4.0,8.0
2025-05-26,63.38,2.5,2.5,True,5.0,20.0,2.0,4.0,8.0
2025-06-02,62.5,2.5,2.5,False,5.0,10.0,2.0,4.0,8.0
2025-06-09,60.25,2.5,2.5,False,5.0,10.0,2.0,4.0,8.0
2025-06-16,58.25,2.5,2.5,False,5.0,10.0,2.0,4.0,8.0
2025-06-23,55.5,2.0,2.5,False,5.0,10.0,2.0,4.0,8.0
2025-06-30,48.88,2.0,2.0,True,4.0,10.0,2.0,4.0,8.0
2025-07-07,43.5,2.0,2.0,False,4.0,8.0,2.0,4.0,8.0
2025-07-14,41.5,1.5,2.0,False,4.0,8.0,2.0,4.0,8.0
2025-07-21,40.62,1.5,1.5,True,3.0,8.0,2.0,4.0,8.0
2025-07-28,38.75,1.5,1.5,False,3.0,8.0,2.0,4.0,8.0
2025-08-04,39.38,1.5,1.5,False,3.0,6.0,2.0,4.0,8.0
2025-08-11,44.75,2.0,1.5,False,3.0,6.0,2.0,4.0,8.0
2025-08-18,43.88,2.0,2.0,True,4.0,6.0,2.0,4.0,8.0
2025-08-25,55.0,2.0,2.0,False,4.0,6.0,2.0,4.0,8.0
2025-09-01,43.12,1.5,2.0,False,4.0,8.0,2.0,4.0,8.0
2025-09-08,42.12,1.5,1.5,True,3.0,8.0,2.0,4.0,8.0
2025-09-15,41.25,1.5,1.5,False,3.0,8.0,2.0,4.0,8.0
2025-09-22,41.38,1.5,1.5,False,3.0,8.0,2.0,4.0,8.0
2025-09-29,47.5,2.0,1.5,False,3.0,8.0,2.0,4.0,8.0
2025-10-06,46.25,2.0,2.0,True,4.0,6.0,2.0,4.0,8.0
2025-10-13,48.25,2.0,2.0,False,4.0,6.0,2.0,4.0,8.0
2025-10-20,50.62,2.0,2.0,False,4.0,6.0,2.0,4.0,8.0
2025-10-27,49.88,2.0,2.0,False,4.0,6.0,2.0,4.0,8.0
2025-11-03,52.25,2.0,2.0,False,4.0,8.0,2.0,4.0,8.0
2025-11-10,60.62,2.5,2.0,False,4.0,8.0,2.0,4.0,8.0
2025-11-17,59.5,2.5,2.5,True,5.0,8.0,2.0,4.0,8.0
2025-11-24,71.38,3.0,2.5,False,5.0,8.0,2.0,4.0,8.0
2025-12-01,86.0,3.0,3.0,True,6.0,12.0,2.0,4.0,8.0
2025-12-08,79.0,3.0,3.0,False,6.0,12.0,2.0,4.0,8.0
2025-12-15,74.25,3.0,3.0,False,6.0,12.0,2.0,4.0,8.0
2025-12-22,56.62,2.5,3.0,False,6.0,12.0,2.0,4.0,8.0
2025-12-29,46.75,2.0,2.0,True,4.0,12.0,2.0,4.0,8.0
2026-01-05,49.5,2.0,2.0,False,4.0,8.0,2.0,4.0,8.0
2026-01-12,47.75,2.0,2.0,False,4.0,8.0,2.0,4.0,8.0
2026-01-19,45.5,2.0,2.0,False,4.0,8.0,2.0,4.0,8.0
2026-01-26,44.75,2.0,2.0,False,4.0,8.0,2.0,4.0,8.0
2026-02-02,46.75,2.0,2.0,False,4.0,8.0,2.0,4.0,8.0
2026-02-09,59.12,2.5,2.0,False,4.0,8.0,2.0,4.0,8.0
2026-02-16,78.0,3.0,3.0,True,6.0,8.0,2.0,4.0,8.0
2026-02-23,78.0,3.0,3.0,False,6.0,8.0,2.0,4.0,8.0
2026-03-02,82.38,3.0,3.0,False,6.0,12.0,2.0,4.0,8.0
2026-03-09,84.25,3.0,3.0,False,6.0,12.0,2.0,4.0,8.0
2026-03-16,85.62,3.0,3.0,False,6.0,12.0,2.0,4.0,8.0
2026-03-23,85.12,3.0,3.0,False,6.0,12.0,2.0,4.0,8.0
2026-03-30,86.5,3.0,3.0,False,6.0,12.0,2.0,4.0,8.0
2026-04-06,86.5,3.0,3.0,False,6.0,12.0,2.0,4.0,8.0
2026-04-13,83.12,3.0,3.0,False,6.0,12.0,2.0,4.0,8.0
2026-04-20,73.38,3.0,3.0,False,6.0,12.0,2.0,4.0,8.0
2026-04-27,69.62,3.0,3.0,False,6.0,12.0,2.0,4.0,8.0
2026-05-04,56.12,2.5,3.0,False,6.0,12.0,2.0,4.0,8.0
2026-05-11,58.0,2.5,2.5,True,5.0,12.0,2.0,4.0,8.0
2026-05-18,55.5,2.0,2.5,False,5.0,12.0,2.0,4.0,8.0
2026-05-25,60.62,2.5,2.5,False,5.0,12.0,2.0,4.0,8.0
2026-06-01,60.62,2.5,2.5,False,5.0,10.0,2.0,4.0,8.0
2026-06-08,58.12,2.5,2.5,False,5.0,10.0,2.0,4.0,8.0
2026-06-15,65.5,2.5,2.5,False,5.0,10.0,2.0,4.0,8.0
2026-06-22,58.75,2.5,2.5,False,5.0,10.0,2.0,4.0,8.0
2026-06-29,74.38,3.0,2.5,False,5.0,10.0,2.0,4.0,8.0
2026-07-06,93.75,4.0,4.0,True,8.0,10.0,2.0,4.0,8.0
2026-07-13,73.88,3.0,4.0,False,8.0,10.0,2.0,4.0,8.0
2026-07-20,69.5,3.0,3.0,True,6.0,10.0,2.0,4.0,8.0
2026-07-27,66.38,2.5,3.0,False,6.0,10.0,2.0,4.0,8.0
2026-08-03,66.38,2.5,2.5,True,5.0,10.0,2.0,4.0,8.0
2026-08-10,67.75,2.5,2.5,False,5.0,10.0,2.0,4.0,8.0
2026-08-17,66.88,2.5,2.5,False,5.0,10.0,2.0,4.0,8.0
2026-08-24,53.75,2.0,2.5,False,5.0,10.0,2.0,4.0,8.0
2026-08-31,43.62,2.0,2.0,True,4.0,10.0,2.0,4.0,8.0
2026-09-07,41.25,1.5,2.0,False,4.0,8.0,2.0,4.0,8.0
2026-09-14,38.62,1.5,1.5,True,3.0,8.0,2.0,4.0,8.0
